Workbook

Sheet 250822
A1: 8MW 해상기초 설계용 타워정보 | K1: WinDS3000/134 tower 정보 from 250617_3MW134_Decrypted.prj
A2: Upper | B2: Lower | C2: Wall | D2: Upper | E2: Upper | F2: Lower | G2: Lower | H2: Flange | I2: Flange | K2: Upper | L2: Lower | M2: Upper | N2: Lower | O2: Upper | P2: Upper | Q2: Lower | R2: Lower | S2: Flange | T2: Flange
A3: height | B3: height | C3: thick- | D3: outside | E3: inside | F3: outside | G3: inside | H3: Location | I3: Mass | K3: height | L3: height | M3: Wall | N3: Wall | O3: outside | P3: inside | Q3: outside | R3: inside | S3: Location | T3: Mass
A4: above | B4: above | C4: ness, | D4: diameter, | E4: diameter, | F4: diameter, | G4: diameter, | K4: above | L4: above | M4: thick- | N4: thick- | O4: diameter, | P4: diameter, | Q4: diameter, | R4: diameter,
A5: ground, | B5: ground, | C5: ti | D5: DO,i_UPR | E5: DI,i_UPR | F5: DO,i_LWR | G5: DI,i_LWR | K5: ground, | L5: ground, | M5: ness, | N5: ness, | O5: DO,i_UPR | P5: DI,i_UPR | Q5: DO,i_LWR | R5: DI,i_LWR
A6: Hi_UPR | B6: Hi_LWR | K6: Hi_UPR | L6: Hi_LWR | M6: ti | N6: ti
A7: [m] | B7: [m] | C7: [mm] | D7: [mm] | E7: [mm] | F7: [mm] | G7: [mm] | H7: [-] | I7: [kg] | K7: [m] | L7: [m] | M7: [mm] | N7: [mm] | O7: [m] | P7: [m] | Q7: [m] | R7: [m] | S7: [-] | T7: [kg] | U7: 무게
A8: 0.4 | B8: 0 | C8: 60 | D8: 7000 | E8: 6880 | F8: 7000 | G8: 6880 | H8: T-FLG | I8: 32902.39 | K8: 18 | L8: 15 | M8: 34 | N8: 34 | O8: 4.5 | P8: 4.432 | Q8: 4.5 | R8: 4.432 | U8: =PI()*(O8+P8)/2*(M8/1000)*(K8-L8)*7850 -> 11234.103
A9: 3.38 | B9: 0.4 | C9: 60 | D9: 6970.8913 | E9: 6850.8913 | F9: 7000 | G9: 6880 | K9: 20.75 | L9: 18 | M9: 34 | N9: 34 | O9: 4.5 | P9: 4.432 | Q9: 4.5 | R9: 4.432 | U9: =PI()*(O9+P9)/2*(M9/1000)*(K9-L9)*7850 -> 10297.928
A10: 6.36 | B10: 3.38 | C10: 59 | D10: 6941.7827 | E10: 6823.7827 | F10: 6970.8913 | G10: 6852.8913 | K10: 21 | L10: 20.75 | M10: 34 | N10: 34 | O10: 4.5 | P10: 4.432 | Q10: 4.5 | R10: 4.432 | S10: L-FLG | T10: 3685.565
A11: 8.36 | B11: 6.36 | C11: 59 | D11: 6922.2466 | E11: 6804.2466 | F11: 6941.7827 | G11: 6823.7827 | K11: 21.25 | L11: 21 | M11: 34 | N11: 34 | O11: 4.5 | P11: 4.432 | Q11: 4.5 | R11: 4.432 | S11: L-FLG | T11: 3685.565
A12: 9.555 | B12: 8.36 | C12: 58 | D12: 6910.5739 | E12: 6794.5739 | F12: 6922.2466 | G12: 6806.2466 | K12: 23.83 | L12: 21.25 | M12: 34 | N12: 34 | O12: 4.5 | P12: 4.432 | Q12: 4.5 | R12: 4.432 | U12: =PI()*(O12+P12)/2*(M12/1000)*(K12-L12)*7850 -> 9661.329
A13: 11.535 | B13: 9.555 | C13: 57 | D13: 6891.2332 | E13: 6777.2332 | F13: 6910.5739 | G13: 6796.5739 | K13: 25.8 | L13: 23.83 | M13: 32 | N13: 32 | O13: 4.5 | P13: 4.436 | Q13: 4.5 | R13: 4.436 | U13: =PI()*(O13+P13)/2*(M13/1000)*(K13-L13)*7850 -> 6946.2258
A14: 14.515 | B14: 11.535 | C14: 56 | D14: 6862.1245 | E14: 6750.1245 | F14: 6891.2332 | G14: 6779.2332 | K14: 28.4 | L14: 25.8 | M14: 30 | N14: 30 | O14: 4.5 | P14: 4.44 | Q14: 4.5 | R14: 4.44 | U14: =PI()*(O14+P14)/2*(M14/1000)*(K14-L14)*7850 -> 8598.4794
A15: 17.495 | B15: 14.515 | C15: 54 | D15: 6833.0159 | E15: 6725.0159 | F15: 6862.1245 | G15: 6754.1245 | K15: 31 | L15: 28.4 | M15: 28 | N15: 28 | O15: 4.5 | P15: 4.444 | Q15: 4.5 | R15: 4.444 | U15: =PI()*(O15+P15)/2*(M15/1000)*(K15-L15)*7850 -> 8028.8382
A16: 20.475 | B16: 17.495 | C16: 52 | D16: 6803.9072 | E16: 6699.9072 | F16: 6833.0159 | G16: 6729.0159 | K16: 33.6 | L16: 31 | M16: 26 | N16: 26 | O16: 4.5 | P16: 4.448 | Q16: 4.5 | R16: 4.448 | U16: =PI()*(O16+P16)/2*(M16/1000)*(K16-L16)*7850 -> 7458.684
A17: 20.875 | B17: 20.475 | C17: 51 | D17: 6800 | E17: 6698 | F17: 6803.9072 | G17: 6701.9072 | H17: L-FLG | I17: 15502.721 | K17: 36.2 | L17: 33.6 | M17: 26 | N17: 26 | O17: 4.5 | P17: 4.448 | Q17: 4.5 | R17: 4.448 | U17: =PI()*(O17+P17)/2*(M17/1000)*(K17-L17)*7850 -> 7458.684
A18: 21.275 | B18: 20.875 | C18: 51 | D18: 6800 | E18: 6698 | F18: 6800 | G18: 6698 | H18: L-FLG | I18: 15502.721 | K18: 38.8 | L18: 36.2 | M18: 26 | N18: 26 | O18: 4.5 | P18: 4.448 | Q18: 4.5 | R18: 4.448 | U18: =PI()*(O18+P18)/2*(M18/1000)*(K18-L18)*7850 -> 7458.684
A19: 24.255 | B19: 21.275 | C19: 48 | D19: 6690.9333 | E19: 6594.9333 | F19: 6800 | G19: 6704 | K19: 39 | L19: 38.8 | M19: 26 | N19: 26 | O19: 4.5 | P19: 4.448 | Q19: 4.5 | R19: 4.448 | S19: L-FLG | T19: 2751.025
A20: 27.235 | B20: 24.255 | C20: 48 | D20: 6581.8666 | E20: 6485.8666 | F20: 6690.9333 | G20: 6594.9333 | K20: 39.2 | L20: 39 | M20: 26 | N20: 26 | O20: 4.5 | P20: 4.448 | Q20: 4.5 | R20: 4.448 | S20: L-FLG | T20: 2751.025
A21: 30.215 | B21: 27.235 | C21: 48 | D21: 6472.7999 | E21: 6376.7999 | F21: 6581.8666 | G21: 6485.8666 | K21: 41.75 | L21: 39.2 | M21: 26 | N21: 26 | O21: 4.4428571 | P21: 4.3908571 | Q21: 4.5 | R21: 4.448 | U21: =PI()*(O21+P21)/2*(M21/1000)*(K21-L21)*7850 -> 7221.8159
A22: 33.195 | B22: 30.215 | C22: 47 | D22: 6363.7332 | E22: 6269.7332 | F22: 6472.7999 | G22: 6378.7999 | K22: 44.3 | L22: 41.75 | M22: 24 | N22: 24 | O22: 4.3857143 | P22: 4.3377143 | Q22: 4.4428571 | R22: 4.3948571 | U22: =PI()*(O22+P22)/2*(M22/1000)*(K22-L22)*7850 -> 6583.0653
A23: 36.175 | B23: 33.195 | C23: 47 | D23: 6254.6664 | E23: 6160.6664 | F23: 6363.7332 | G23: 6269.7332 | K23: 46.85 | L23: 44.3 | M23: 24 | N23: 24 | O23: 4.3285714 | P23: 4.2805714 | Q23: 4.3857143 | R23: 4.3377143 | U23: =PI()*(O23+P23)/2*(M23/1000)*(K23-L23)*7850 -> 6496.8205
A24: 39.155 | B24: 36.175 | C24: 47 | D24: 6145.5997 | E24: 6051.5997 | F24: 6254.6664 | G24: 6160.6664 | K24: 49.4 | L24: 46.85 | M24: 22 | N24: 22 | O24: 4.2714286 | P24: 4.2274286 | Q24: 4.3285714 | R24: 4.2845714 | U24: =PI()*(O24+P24)/2*(M24/1000)*(K24-L24)*7850 -> 5879.1281
A25: 42.135 | B25: 39.155 | C25: 46 | D25: 6036.533 | E25: 5944.533 | F25: 6145.5997 | G25: 6053.5997 | K25: 51.95 | L25: 49.4 | M25: 22 | N25: 22 | O25: 4.2142857 | P25: 4.1702857 | Q25: 4.2714286 | R25: 4.2274286 | U25: =PI()*(O25+P25)/2*(M25/1000)*(K25-L25)*7850 -> 5800.0704
A26: 45.115 | B26: 42.135 | C26: 45 | D26: 5927.4663 | E26: 5837.4663 | F26: 6036.533 | G26: 5946.533 | K26: 54.5 | L26: 51.95 | M26: 22 | N26: 22 | O26: 4.1571429 | P26: 4.1131429 | Q26: 4.2142857 | R26: 4.1702857 | U26: =PI()*(O26+P26)/2*(M26/1000)*(K26-L26)*7850 -> 5721.0127
A27: 48.095 | B27: 45.115 | C27: 44 | D27: 5818.3996 | E27: 5730.3996 | F27: 5927.4663 | G27: 5839.4663 | K27: 57.05 | L27: 54.5 | M27: 20 | N27: 20 | O27: 4.1 | P27: 4.06 | Q27: 4.1571429 | R27: 4.1171429 | U27: =PI()*(O27+P27)/2*(M27/1000)*(K27-L27)*7850 -> 5131.5654
A28: 51.075 | B28: 48.095 | C28: 43 | D28: 5709.3329 | E28: 5623.3329 | F28: 5818.3996 | G28: 5732.3996 | K28: 57.225 | L28: 57.05 | M28: 20 | N28: 20 | O28: 4.1 | P28: 4.06 | Q28: 4.1 | R28: 4.06 | S28: L-FLG | T28: 1807.995
A29: 51.33 | B29: 51.075 | C29: 43 | D29: 5700 | E29: 5614 | F29: 5709.3329 | G29: 5623.3329 | H29: L-FLG | I29: 6111.4858 | K29: 57.4 | L29: 57.225 | M29: 20 | N29: 20 | O29: 4.1 | P29: 4.06 | Q29: 4.1 | R29: 4.06 | S29: L-FLG | T29: 1807.995
A30: 51.585 | B30: 51.33 | C30: 43 | D30: 5700 | E30: 5614 | F30: 5700 | G30: 5614 | H30: L-FLG | I30: 6111.4858 | K30: 59.95 | L30: 57.4 | M30: 20 | N30: 20 | O30: 4.0323988 | P30: 3.9923988 | Q30: 4.1 | R30: 4.06 | U30: =PI()*(O30+P30)/2*(M30/1000)*(K30-L30)*7850 -> 5046.541
A31: 54.485 | B31: 51.585 | C31: 42 | D31: 5636.8683 | E31: 5552.8683 | F31: 5700 | G31: 5616 | K31: 62.5 | L31: 59.95 | M31: 20 | N31: 20 | O31: 3.9647977 | P31: 3.9247977 | Q31: 4.0323988 | R31: 3.9923988 | U31: =PI()*(O31+P31)/2*(M31/1000)*(K31-L31)*7850 -> 4961.5165
A32: 57.385 | B32: 54.485 | C32: 41 | D32: 5573.7366 | E32: 5491.7366 | F32: 5636.8683 | G32: 5554.8683 | K32: 65.05 | L32: 62.5 | M32: 20 | N32: 20 | O32: 3.8971965 | P32: 3.8571965 | Q32: 3.9647977 | R32: 3.9247977 | U32: =PI()*(O32+P32)/2*(M32/1000)*(K32-L32)*7850 -> 4876.4921
A33: 60.285 | B33: 57.385 | C33: 40 | D33: 5510.6049 | E33: 5430.6049 | F33: 5573.7366 | G33: 5493.7366 | K33: 67.6 | L33: 65.05 | M33: 18 | N33: 18 | O33: 3.8295954 | P33: 3.7935954 | Q33: 3.8971965 | R33: 3.8611965 | U33: =PI()*(O33+P33)/2*(M33/1000)*(K33-L33)*7850 -> 4314.5848
A34: 63.185 | B34: 60.285 | C34: 38 | D34: 5447.4732 | E34: 5371.4732 | F34: 5510.6049 | G34: 5434.6049 | K34: 70.15 | L34: 67.6 | M34: 18 | N34: 18 | O34: 3.7619942 | P34: 3.7259942 | Q34: 3.8295954 | R34: 3.7935954 | U34: =PI()*(O34+P34)/2*(M34/1000)*(K34-L34)*7850 -> 4238.0628
A35: 66.085 | B35: 63.185 | C35: 37 | D35: 5384.3415 | E35: 5310.3415 | F35: 5447.4732 | G35: 5373.4732 | K35: 72.7 | L35: 70.15 | M35: 18 | N35: 18 | O35: 3.6943931 | P35: 3.6583931 | Q35: 3.7619942 | R35: 3.7259942 | U35: =PI()*(O35+P35)/2*(M35/1000)*(K35-L35)*7850 -> 4161.5408
A36: 68.985 | B36: 66.085 | C36: 36 | D36: 5321.2098 | E36: 5249.2098 | F36: 5384.3415 | G36: 5312.3415 | K36: 75.25 | L36: 72.7 | M36: 16 | N36: 16 | O36: 3.6267919 | P36: 3.5947919 | Q36: 3.6943931 | R36: 3.6623931 | U36: =PI()*(O36+P36)/2*(M36/1000)*(K36-L36)*7850 -> 3633.1402
A37: 71.885 | B37: 68.985 | C37: 35.5 | D37: 5258.0781 | E37: 5187.0781 | F37: 5321.2098 | G37: 5250.2098 | K37: 77.8 | L37: 75.25 | M37: 16 | N37: 16 | O37: 3.5591908 | P37: 3.5271908 | Q37: 3.6267919 | R37: 3.5947919 | U37: =PI()*(O37+P37)/2*(M37/1000)*(K37-L37)*7850 -> 3565.1206
A38: 74.785 | B38: 71.885 | C38: 34.5 | D38: 5194.9464 | E38: 5125.9464 | F38: 5258.0781 | G38: 5189.0781 | K38: 80.35 | L38: 77.8 | M38: 16 | N38: 16 | O38: 3.4915896 | P38: 3.4595896 | Q38: 3.5591908 | R38: 3.5271908 | U38: =PI()*(O38+P38)/2*(M38/1000)*(K38-L38)*7850 -> 3497.1011
A39: 77.685 | B39: 74.785 | C39: 33.5 | D39: 5131.8147 | E39: 5064.8147 | F39: 5194.9464 | G39: 5127.9464 | K39: 82.9 | L39: 80.35 | M39: 16 | N39: 16 | O39: 3.4239885 | P39: 3.3919885 | Q39: 3.4915896 | R39: 3.4595896 | U39: =PI()*(O39+P39)/2*(M39/1000)*(K39-L39)*7850 -> 3429.0815
A40: 80.585 | B40: 77.685 | C40: 32.5 | D40: 5068.6829 | E40: 5003.6829 | F40: 5131.8147 | G40: 5066.8147 | K40: 85.239 | L40: 82.9 | M40: 16 | N40: 16 | O40: 3.361981 | P40: 3.329981 | Q40: 3.4239885 | R40: 3.3919885 | U40: =PI()*(O40+P40)/2*(M40/1000)*(K40-L40)*7850 -> 3088.1131
A41: 83.485 | B41: 80.585 | C41: 31.5 | D41: 5005.5512 | E41: 4942.5512 | F41: 5068.6829 | G41: 5005.6829 | K41: 87.577 | L41: 85.239 | M41: 16 | N41: 16 | O41: 3.3 | P41: 3.268 | Q41: 3.361981 | R41: 3.329981 | U41: =PI()*(O41+P41)/2*(M41/1000)*(K41-L41)*7850 -> 3029.6131
A42: 83.74 | B42: 83.485 | C42: 30.5 | D42: 5000 | E42: 4939 | F42: 5005.5512 | G42: 4944.5512 | H42: L-FLG | I42: 5586.2605 | K42: 87.777 | L42: 87.577 | M42: 18 | N42: 18 | O42: 3.3 | P42: 3.264 | Q42: 3.3 | R42: 3.264 | S42: L-FLG | T42: 1529.35
A43: 83.995 | B43: 83.74 | C43: 30.5 | D43: 5000 | E43: 4939 | F43: 5000 | G43: 4939 | H43: L-FLG | I43: 5586.2605 | T43: =SUM(T8:T42) -> 18018.52 | U43: =SUM(U8:U42) -> 167817.34 | V43: =SUM(T43:U43) -> 185835.86
A44: 86.095 | B44: 83.995 | C44: 30 | D44: 4994.7395 | E44: 4934.7395 | F44: 5000 | G44: 4940
A45: 88.195 | B45: 86.095 | C45: 29 | D45: 4989.479 | E45: 4931.479 | F45: 4994.7395 | G45: 4936.7395
A46: 90.295 | B46: 88.195 | C46: 28 | D46: 4984.2184 | E46: 4928.2184 | F46: 4989.479 | G46: 4933.479
A47: 92.395 | B47: 90.295 | C47: 27 | D47: 4978.9579 | E47: 4924.9579 | F47: 4984.2184 | G47: 4930.2184
A48: 94.645 | B48: 92.395 | C48: 26 | D48: 4973.3216 | E48: 4921.3216 | F48: 4978.9579 | G48: 4926.9579
A49: 96.895 | B49: 94.645 | C49: 24.8 | D49: 4967.6854 | E49: 4918.0854 | F49: 4973.3216 | G49: 4923.7216
A50: 99.145 | B50: 96.895 | C50: 23.8 | D50: 4962.0491 | E50: 4914.4491 | F50: 4967.6854 | G50: 4920.0854
A51: 101.395 | B51: 99.145 | C51: 23.5 | D51: 4956.4128 | E51: 4909.4128 | F51: 4962.0491 | G51: 4915.0491
A52: 103.73 | B52: 101.395 | C52: 23.5 | D52: 4950.5636 | E52: 4903.5636 | F52: 4956.4128 | G52: 4909.4128
A53: 103.955 | B53: 103.73 | C53: 30 | D53: 4950 | E53: 4890 | F53: 4950.5636 | G53: 4890.5636 | H53: L-FLG | I53: 2968.2584
A54: 104.18 | B54: 103.955 | C54: 30 | D54: 4950 | E54: 4890 | F54: 4950 | G54: 4890 | H54: L-FLG | I54: 2968.2584
A55: 104.275 | B55: 104.18 | C55: 30 | D55: 4950 | E55: 4890 | F55: 4950 | G55: 4890
A56: 104.555 | B56: 104.275 | C56: 30 | D56: 4950 | E56: 4890 | F56: 4950 | G56: 4890 | H56: L-FLG | I56: 4686

Sheet 20251016-검토 변경
B2: 모델 전달_251017 - 251001 하중 검토 결과 (DLC6.1)
B3: Upper | C3: Lower | D3: Upper | E3: Lower | F3: Upper | G3: Upper | H3: Lower | I3: Lower | J3: Flange | K3: Flange
B4: height | C4: height | D4: Wall | E4: Wall | F4: outside | G4: inside | H4: outside | I4: inside | J4: Location | K4: Mass
B5: above | C5: above | D5: thick- | E5: thick- | F5: diameter, | G5: diameter, | H5: diameter, | I5: diameter,
B6: ground, | C6: ground, | D6: ness, | E6: ness, | F6: DO,i_UPR | G6: DI,i_UPR | H6: DO,i_LWR | I6: DI,i_LWR
B7: Hi_UPR | C7: Hi_LWR | D7: ti | E7: ti | L7: 무게
B8: [m] | C8: [m] | D8: [mm] | E8: [mm] | F8: [m] | G8: [m] | H8: [m] | I8: [m] | J8: [-] | K8: [kg]
B9: 15.3 | C9: 15 | D9: 45 | E9: 45 | F9: 4500 | G9: 4410 | H9: 4500 | I9: 4410 | J9: L-FLG | K9: 7366.7761
B10: 17.4 | C10: 15.3 | D10: 44 | E10: 44 | F10: 4500 | G10: 4412 | H10: 4500 | I10: 4412 | L10: =PI()*(F10+G10)/2000*(D10/1000)*(B10-C10)*7850 -> 10153.989
B11: 19.5 | C11: 17.4 | D11: 42 | E11: 42 | F11: 4500 | G11: 4416 | H11: 4500 | I11: 4416 | L11: =PI()*(F11+G11)/2000*(D11/1000)*(B11-C11)*7850 -> 9696.7942
B12: 21.6 | C12: 19.5 | D12: 42 | E12: 42 | F12: 4500 | G12: 4416 | H12: 4500 | I12: 4416 | L12: =PI()*(F12+G12)/2000*(D12/1000)*(B12-C12)*7850 -> 9696.7942
B13: 23.7 | C13: 21.6 | D13: 39 | E13: 39 | F13: 4500 | G13: 4422 | H13: 4500 | I13: 4422 | L13: =PI()*(F13+G13)/2000*(D13/1000)*(B13-C13)*7850 -> 9010.2254
B14: 25.8 | C14: 23.7 | D14: 38 | E14: 38 | F14: 4500 | G14: 4424 | H14: 4500 | I14: 4424 | L14: =PI()*(F14+G14)/2000*(D14/1000)*(B14-C14)*7850 -> 8781.1619
B15: 28.4 | C15: 25.8 | D15: 37 | E15: 37 | F15: 4500 | G15: 4426 | H15: 4500 | I15: 4426 | L15: =PI()*(F15+G15)/2000*(D15/1000)*(B15-C15)*7850 -> 10588.184
B16: 31 | C16: 28.4 | D16: 36 | E16: 36 | F16: 4500 | G16: 4428 | H16: 4500 | I16: 4428 | L16: =PI()*(F16+G16)/2000*(D16/1000)*(B16-C16)*7850 -> 10304.325
B17: 33.6 | C17: 31 | D17: 35 | E17: 35 | F17: 4500 | G17: 4430 | H17: 4500 | I17: 4430 | L17: =PI()*(F17+G17)/2000*(D17/1000)*(B17-C17)*7850 -> 10020.338
B18: 36.2 | C18: 33.6 | D18: 34 | E18: 34 | F18: 4500 | G18: 4432 | H18: 4500 | I18: 4432 | L18: =PI()*(F18+G18)/2000*(D18/1000)*(B18-C18)*7850 -> 9736.223
B19: 38.75 | C19: 36.2 | D19: 33 | E19: 33 | F19: 4500 | G19: 4434 | H19: 4500 | I19: 4434 | L19: =PI()*(F19+G19)/2000*(D19/1000)*(B19-C19)*7850 -> 9270.2106
B20: 39 | C20: 38.75 | D20: 32 | E20: 32 | F20: 4500 | G20: 4436 | H20: 4500 | I20: 4436 | J20: L-FLG | K20: 3534.1739
B21: 39.25 | C21: 39 | D21: 32 | E21: 32 | F21: 4500 | G21: 4436 | H21: 4500 | I21: 4436 | J21: L-FLG | K21: 3534.1739
B22: 41.75 | C22: 39.25 | D22: 32 | E22: 32 | F22: 4444.3672 | G22: 4380.3672 | H22: 4500 | I22: 4436 | L22: =PI()*(F22+G22)/2000*(D22/1000)*(B22-C22)*7850 -> 8705.2483
B23: 44.3 | C23: 41.75 | D23: 32 | E23: 32 | F23: 4387.6217 | G23: 4323.6217 | H23: 4444.3672 | I23: 4380.3672 | L23: =PI()*(F23+G23)/2000*(D23/1000)*(B23-C23)*7850 -> 8765.1598
B24: 46.85 | C24: 44.3 | D24: 31 | E24: 31 | F24: 4330.8762 | G24: 4268.8762 | H24: 4387.6217 | I24: 4325.6217 | L24: =PI()*(F24+G24)/2000*(D24/1000)*(B24-C24)*7850 -> 8382.5733
B25: 49.4 | C25: 46.85 | D25: 30 | E25: 30 | F25: 4274.1307 | G25: 4214.1307 | H25: 4330.8762 | I25: 4270.8762 | L25: =PI()*(F25+G25)/2000*(D25/1000)*(B25-C25)*7850 -> 8006.998
B26: 51.95 | C26: 49.4 | D26: 30 | E26: 30 | F26: 4217.3853 | G26: 4157.3853 | H26: 4274.1307 | I26: 4214.1307 | L26: =PI()*(F26+G26)/2000*(D26/1000)*(B26-C26)*7850 -> 7899.9417
B27: 54.5 | C27: 51.95 | D27: 29 | E27: 29 | F27: 4160.6398 | G27: 4102.6398 | H27: 4217.3853 | I27: 4159.3853 | L27: =PI()*(F27+G27)/2000*(D27/1000)*(B27-C27)*7850 -> 7534.9462
B28: 57 | C28: 54.5 | D28: 29 | E28: 29 | F28: 4105.007 | G28: 4047.007 | H28: 4160.6398 | I28: 4102.6398 | L28: =PI()*(F28+G28)/2000*(D28/1000)*(B28-C28)*7850 -> 7287.733
B29: 57.225 | C29: 57 | D29: 28 | E29: 28 | F29: 4100 | G29: 4044 | H29: 4105.007 | I29: 4049.007 | J29: L-FLG | K29: 2463.6249
B30: 57.45 | C30: 57.225 | D30: 28 | E30: 28 | F30: 4100 | G30: 4044 | H30: 4100 | I30: 4044 | J30: L-FLG | K30: 2463.6249
B31: 59.95 | C31: 57.45 | D31: 28 | E31: 28 | F31: 4033.9978 | G31: 3977.9978 | H31: 4100 | I31: 4044 | L31: =PI()*(F31+G31)/2000*(D31/1000)*(B31-C31)*7850 -> 6915.5746
B32: 62.5 | C32: 59.95 | D32: 27 | E32: 27 | F32: 3966.6755 | G32: 3912.6755 | H32: 4033.9978 | I32: 3979.9978 | L32: =PI()*(F32+G32)/2000*(D32/1000)*(B32-C32)*7850 -> 6689.35
B33: 65.05 | C33: 62.5 | D33: 26 | E33: 26 | F33: 3899.3532 | G33: 3847.3532 | H33: 3966.6755 | I33: 3914.6755 | L33: =PI()*(F33+G33)/2000*(D33/1000)*(B33-C33)*7850 -> 6333.1556
B34: 67.6 | C34: 65.05 | D34: 26 | E34: 26 | F34: 3832.0309 | G34: 3780.0309 | H34: 3899.3532 | I34: 3847.3532 | L34: =PI()*(F34+G34)/2000*(D34/1000)*(B34-C34)*7850 -> 6223.0797
B35: 70.15 | C35: 67.6 | D35: 25 | E35: 25 | F35: 3764.7086 | G35: 3714.7086 | H35: 3832.0309 | I35: 3782.0309 | L35: =PI()*(F35+G35)/2000*(D35/1000)*(B35-C35)*7850 -> 5879.4606
B36: 72.7 | C36: 70.15 | D36: 24 | E36: 24 | F36: 3697.3863 | G36: 3649.3863 | H36: 3764.7086 | I36: 3716.7086 | L36: =PI()*(F36+G36)/2000*(D36/1000)*(B36-C36)*7850 -> 5544.183
B37: 75.25 | C37: 72.7 | D37: 23 | E37: 23 | F37: 3630.064 | G37: 3584.064 | H37: 3697.3863 | I37: 3651.3863 | L37: =PI()*(F37+G37)/2000*(D37/1000)*(B37-C37)*7850 -> 5217.247
B38: 77.8 | C38: 75.25 | D38: 23 | E38: 23 | F38: 3562.7417 | G38: 3516.7417 | H38: 3630.064 | I38: 3584.064 | L38: =PI()*(F38+G38)/2000*(D38/1000)*(B38-C38)*7850 -> 5119.8722
B39: 80.35 | C39: 77.8 | D39: 21 | E39: 21 | F39: 3495.4194 | G39: 3453.4194 | H39: 3562.7417 | I39: 3520.7417 | L39: =PI()*(F39+G39)/2000*(D39/1000)*(B39-C39)*7850 -> 4588.3998
B40: 82.9 | C40: 80.35 | D40: 20 | E40: 20 | F40: 3428.0972 | G40: 3388.0972 | H40: 3495.4194 | I40: 3455.4194 | L40: =PI()*(F40+G40)/2000*(D40/1000)*(B40-C40)*7850 -> 4286.4886
B41: 85.226 | C41: 82.9 | D41: 19 | E41: 19 | F41: 3366.6887 | G41: 3328.6887 | H41: 3428.0972 | I41: 3390.0972 | L41: =PI()*(F41+G41)/2000*(D41/1000)*(B41-C41)*7850 -> 3648.6139
B42: 87.552 | C42: 85.226 | D42: 18 | E42: 18 | F42: 3305.2802 | G42: 3269.2802 | H42: 3366.6887 | I42: 3330.6887 | L42: =PI()*(F42+G42)/2000*(D42/1000)*(B42-C42)*7850 -> 3394.2081
B43: 87.772 | C43: 87.552 | D43: 18 | E43: 18 | F43: 3300 | G43: 3264 | H43: 3305.2802 | I43: 3269.2802 | J43: L-FLG | K43: 1529.35
K44: =SUM(K9:K43) -> 20891.724 | L44: =SUM(L9:L43) -> 217680.48 | M44: =SUM(K44:L44) -> 238572.2

Sheet 20251022-Floating Tower 2차
B2: 모델 전달_251017 - 251001 하중 검토 결과 (DLC6.1) | V2: 부유식 모델 2차_251022 (공진점 검토 후 변경) | AI2: 부유식 모델 2차_251023 - Dia 5.0m 로 변경 후 강도 검토 결과
B3: Upper | C3: Lower | D3: Upper | E3: Lower | F3: Upper | G3: Upper | H3: Lower | I3: Lower | J3: Flange | K3: Flange | V3: Upper | W3: Lower | X3: Upper | Y3: Lower | Z3: Upper | AA3: Upper | AB3: Lower | AC3: Lower | AD3: Flange | AE3: Flange | AI3: Upper | AJ3: Lower | AK3: Upper | AL3: Lower | AM3: Upper | AN3: Upper | AO3: Lower | AP3: Lower | AQ3: Flange | AR3: Flange
B4: height | C4: height | D4: Wall | E4: Wall | F4: outside | G4: inside | H4: outside | I4: inside | J4: Location | K4: Mass | V4: height | W4: height | X4: Wall | Y4: Wall | Z4: outside | AA4: inside | AB4: outside | AC4: inside | AD4: Location | AE4: Mass | AI4: height | AJ4: height | AK4: Wall | AL4: Wall | AM4: outside | AN4: inside | AO4: outside | AP4: inside | AQ4: Location | AR4: Mass
B5: above | C5: above | D5: thick- | E5: thick- | F5: diameter, | G5: diameter, | H5: diameter, | I5: diameter, | V5: above | W5: above | X5: thick- | Y5: thick- | Z5: diameter, | AA5: diameter, | AB5: diameter, | AC5: diameter, | AI5: above | AJ5: above | AK5: thick- | AL5: thick- | AM5: diameter, | AN5: diameter, | AO5: diameter, | AP5: diameter,
B6: ground, | C6: ground, | D6: ness, | E6: ness, | F6: DO,i_UPR | G6: DI,i_UPR | H6: DO,i_LWR | I6: DI,i_LWR | V6: ground, | W6: ground, | X6: ness, | Y6: ness, | Z6: DO,i_UPR | AA6: DI,i_UPR | AB6: DO,i_LWR | AC6: DI,i_LWR | AI6: ground, | AJ6: ground, | AK6: ness, | AL6: ness, | AM6: DO,i_UPR | AN6: DI,i_UPR | AO6: DO,i_LWR | AP6: DI,i_LWR
B7: Hi_UPR | C7: Hi_LWR | D7: ti | E7: ti | L7: 무게 | N7: Dout_upper | O7: Dout_lower | P7: t | Q7: I_upper | R7: Dout_upper | S7: t | T7: I_upper | V7: Hi_UPR | W7: Hi_LWR | X7: ti | Y7: ti | AF7: 무게 | AI7: Hi_UPR | AJ7: Hi_LWR | AK7: ti | AL7: ti
B8: [m] | C8: [m] | D8: [mm] | E8: [mm] | F8: [m] | G8: [m] | H8: [m] | I8: [m] | J8: [-] | K8: [kg] | M8: Height | P8: mm | Q8: m^4 | S8: mm | T8: m^4 | V8: [m] | W8: [m] | X8: [mm] | Y8: [mm] | Z8: [m] | AA8: [m] | AB8: [m] | AC8: [m] | AD8: [-] | AE8: [kg] | AF8: kg | AI8: [m] | AJ8: [m] | AK8: [mm] | AL8: [mm] | AM8: [m] | AN8: [m] | AO8: [m] | AP8: [m] | AQ8: [-] | AR8: [kg]
B9: 15.3 | C9: 15 | D9: 45 | E9: 45 | F9: 4500 | G9: 4410 | H9: 4500 | I9: 4410 | J9: L-FLG | K9: 7366.7761 | M9: =B9-$C$9 -> 0.3 | N9: =F9 -> 4500 | O9: =H9 -> 4500 | P9: 45 | Q9: =PI()/4*((N9/2000)^4-(N9/2000-P9/1000)^4) -> 1.5626432 | R9: 5000 | S9: 35 | T9: =PI()/4*((R9/2000)^4-(R9/2000-S9/1000)^4) -> 1.6823148 | V9: =B9 -> 15.3 | W9: =C9 -> 15 | X9: =S9 -> 35 | Y9: =S9 -> 35 | Z9: =R9 -> 5000 | AA9: =Z9-X9 -> 4965 | AB9: 5000 | AC9: =AB9-Y9 -> 4965 | AD9: L-FLG | AE9: 7366.7761 | AI9: 15.3 | AJ9: 15 | AK9: 36 | AL9: 36 | AM9: 5000 | AN9: 4930 | AO9: 5000 | AP9: 4930 | AQ9: L-FLG | AR9: 7439.1662 | AT9: 1 | AU9: =IF('20251110-불일치 수정'!F9=AM9,"-","CHANGE") -> - | AV9: =IF('20251110-불일치 수정'!G9=AN9,"-","CHANGE") -> CHANGE | AW9: =IF('20251110-불일치 수정'!H9=AO9,"-","CHANGE") -> - | AX9: =IF('20251110-불일치 수정'!I9=AP9,"-","CHANGE") -> CHANGE
B10: 17.4 | C10: 15.3 | D10: 44 | E10: 44 | F10: 4500 | G10: 4412 | H10: 4500 | I10: 4412 | L10: =PI()*(F10+G10)/2000*(D10/1000)*(B10-C10)*7850 -> 10153.989 | M10: =B10-$C$9 -> 2.4 | N10: =F10 -> 4500 | O10: =H10 -> 4500 | P10: 44 | Q10: =PI()/4*((N10/2000)^4-(N10/2000-P10/1000)^4) -> 1.52894 | R10: 5000 | S10: 34 | T10: =PI()/4*((R10/2000)^4-(R10/2000-S10/1000)^4) -> 1.6352317 | V10: =B10 -> 17.4 | W10: =C10 -> 15.3 | X10: =S10 -> 34 | Y10: =S10 -> 34 | Z10: =R10 -> 5000 | AA10: =Z10-X10 -> 4966 | AB10: =Z9 -> 5000 | AC10: =AB10-Y10 -> 4966 | AF10: =PI()*(Z10+AA10)/2000*(X10/1000)*(V10-W10)*7850 -> 8774.2222 | AI10: 17.4 | AJ10: 15.3 | AK10: 35 | AL10: 35 | AM10: 5000 | AN10: 4932 | AO10: 5000 | AP10: 4932 | AT10: 2 | AU10: =IF('20251110-불일치 수정'!F10=AM10,"-","CHANGE") -> - | AV10: =IF('20251110-불일치 수정'!G10=AN10,"-","CHANGE") -> CHANGE | AW10: =IF('20251110-불일치 수정'!H10=AO10,"-","CHANGE") -> - | AX10: =IF('20251110-불일치 수정'!I10=AP10,"-","CHANGE") -> CHANGE
B11: 19.5 | C11: 17.4 | D11: 42 | E11: 42 | F11: 4500 | G11: 4416 | H11: 4500 | I11: 4416 | L11: =PI()*(F11+G11)/2000*(D11/1000)*(B11-C11)*7850 -> 9696.7942 | M11: =B11-$C$9 -> 4.5 | N11: =F11 -> 4500 | O11: =H11 -> 4500 | P11: 42 | Q11: =PI()/4*((N11/2000)^4-(N11/2000-P11/1000)^4) -> 1.461396 | R11: 5000 | S11: 33 | T11: =PI()/4*((R11/2000)^4-(R11/2000-S11/1000)^4) -> 1.5880913 | V11: =B11 -> 19.5 | W11: =C11 -> 17.4 | X11: =S11 -> 33 | Y11: =S11 -> 33 | Z11: =R11 -> 5000 | AA11: =Z11-X11 -> 4967 | AB11: =Z10 -> 5000 | AC11: =AB11-Y11 -> 4967 | AF11: =PI()*(Z11+AA11)/2000*(X11/1000)*(V11-W11)*7850 -> 8517.0114 | AI11: 19.5 | AJ11: 17.4 | AK11: 34 | AL11: 34 | AM11: 5000 | AN11: 4932 | AO11: 5000 | AP11: 4932 | AT11: 3 | AU11: =IF('20251110-불일치 수정'!F11=AM11,"-","CHANGE") -> - | AV11: =IF('20251110-불일치 수정'!G11=AN11,"-","CHANGE") -> - | AW11: =IF('20251110-불일치 수정'!H11=AO11,"-","CHANGE") -> - | AX11: =IF('20251110-불일치 수정'!I11=AP11,"-","CHANGE") -> -
B12: 21.6 | C12: 19.5 | D12: 42 | E12: 42 | F12: 4500 | G12: 4416 | H12: 4500 | I12: 4416 | L12: =PI()*(F12+G12)/2000*(D12/1000)*(B12-C12)*7850 -> 9696.7942 | M12: =B12-$C$9 -> 6.6 | N12: =F12 -> 4500 | O12: =H12 -> 4500 | P12: 42 | Q12: =PI()/4*((N12/2000)^4-(N12/2000-P12/1000)^4) -> 1.461396 | R12: 5000 | S12: 33 | T12: =PI()/4*((R12/2000)^4-(R12/2000-S12/1000)^4) -> 1.5880913 | V12: =B12 -> 21.6 | W12: =C12 -> 19.5 | X12: =S12 -> 33 | Y12: =S12 -> 33 | Z12: =R12 -> 5000 | AA12: =Z12-X12 -> 4967 | AB12: =Z11 -> 5000 | AC12: =AB12-Y12 -> 4967 | AF12: =PI()*(Z12+AA12)/2000*(X12/1000)*(V12-W12)*7850 -> 8517.0114 | AI12: 21.6 | AJ12: 19.5 | AK12: 34 | AL12: 34 | AM12: 5000 | AN12: 4932 | AO12: 5000 | AP12: 4932 | AT12: 4 | AU12: =IF('20251110-불일치 수정'!F12=AM12,"-","CHANGE") -> - | AV12: =IF('20251110-불일치 수정'!G12=AN12,"-","CHANGE") -> - | AW12: =IF('20251110-불일치 수정'!H12=AO12,"-","CHANGE") -> - | AX12: =IF('20251110-불일치 수정'!I12=AP12,"-","CHANGE") -> -
B13: 23.7 | C13: 21.6 | D13: 39 | E13: 39 | F13: 4500 | G13: 4422 | H13: 4500 | I13: 4422 | L13: =PI()*(F13+G13)/2000*(D13/1000)*(B13-C13)*7850 -> 9010.2254 | M13: =B13-$C$9 -> 8.7 | N13: =F13 -> 4500 | O13: =H13 -> 4500 | P13: 39 | Q13: =PI()/4*((N13/2000)^4-(N13/2000-P13/1000)^4) -> 1.3597352 | R13: 5000 | S13: 31 | T13: =PI()/4*((R13/2000)^4-(R13/2000-S13/1000)^4) -> 1.4936384 | V13: =B13 -> 23.7 | W13: =C13 -> 21.6 | X13: =S13 -> 31 | Y13: =S13 -> 31 | Z13: =R13 -> 5000 | AA13: =Z13-X13 -> 4969 | AB13: =Z12 -> 5000 | AC13: =AB13-Y13 -> 4969 | AF13: =PI()*(Z13+AA13)/2000*(X13/1000)*(V13-W13)*7850 -> 8002.4343 | AI13: 23.7 | AJ13: 21.6 | AK13: 34 | AL13: 34 | AM13: 5000 | AN13: 4934 | AO13: 5000 | AP13: 4934 | AT13: 5 | AU13: =IF('20251110-불일치 수정'!F13=AM13,"-","CHANGE") -> - | AV13: =IF('20251110-불일치 수정'!G13=AN13,"-","CHANGE") -> CHANGE | AW13: =IF('20251110-불일치 수정'!H13=AO13,"-","CHANGE") -> - | AX13: =IF('20251110-불일치 수정'!I13=AP13,"-","CHANGE") -> CHANGE
B14: 25.8 | C14: 23.7 | D14: 38 | E14: 38 | F14: 4500 | G14: 4424 | H14: 4500 | I14: 4424 | L14: =PI()*(F14+G14)/2000*(D14/1000)*(B14-C14)*7850 -> 8781.1619 | M14: =B14-$C$9 -> 10.8 | N14: =F14 -> 4500 | O14: =H14 -> 4500 | P14: 38 | Q14: =PI()/4*((N14/2000)^4-(N14/2000-P14/1000)^4) -> 1.3257562 | R14: 5000 | S14: 30 | T14: =PI()/4*((R14/2000)^4-(R14/2000-S14/1000)^4) -> 1.4463258 | V14: =B14 -> 25.8 | W14: =C14 -> 23.7 | X14: =S14 -> 30 | Y14: =S14 -> 30 | Z14: =R14 -> 5000 | AA14: =Z14-X14 -> 4970 | AB14: =Z13 -> 5000 | AC14: =AB14-Y14 -> 4970 | AF14: =PI()*(Z14+AA14)/2000*(X14/1000)*(V14-W14)*7850 -> 7745.0681 | AI14: 25.8 | AJ14: 23.7 | AK14: 33 | AL14: 33 | AM14: 5000 | AN14: 4934 | AO14: 5000 | AP14: 4934 | AT14: 6 | AU14: =IF('20251110-불일치 수정'!F14=AM14,"-","CHANGE") -> - | AV14: =IF('20251110-불일치 수정'!G14=AN14,"-","CHANGE") -> - | AW14: =IF('20251110-불일치 수정'!H14=AO14,"-","CHANGE") -> - | AX14: =IF('20251110-불일치 수정'!I14=AP14,"-","CHANGE") -> -
B15: 28.4 | C15: 25.8 | D15: 37 | E15: 37 | F15: 4500 | G15: 4426 | H15: 4500 | I15: 4426 | L15: =PI()*(F15+G15)/2000*(D15/1000)*(B15-C15)*7850 -> 10588.184 | M15: =B15-$C$9 -> 13.4 | N15: =F15 -> 4500 | O15: =H15 -> 4500 | P15: 37 | Q15: =PI()/4*((N15/2000)^4-(N15/2000-P15/1000)^4) -> 1.2917311 | R15: 5000 | S15: 29 | T15: =PI()/4*((R15/2000)^4-(R15/2000-S15/1000)^4) -> 1.3989557 | V15: =B15 -> 28.4 | W15: =C15 -> 25.8 | X15: =S15 -> 29 | Y15: =S15 -> 29 | Z15: =R15 -> 5000 | AA15: =Z15-X15 -> 4971 | AB15: =Z14 -> 5000 | AC15: =AB15-Y15 -> 4971 | AF15: =PI()*(Z15+AA15)/2000*(X15/1000)*(V15-W15)*7850 -> 9270.424 | AI15: 28.4 | AJ15: 25.8 | AK15: 32 | AL15: 32 | AM15: 5000 | AN15: 4936 | AO15: 5000 | AP15: 4936 | AT15: 7 | AU15: =IF('20251110-불일치 수정'!F15=AM15,"-","CHANGE") -> - | AV15: =IF('20251110-불일치 수정'!G15=AN15,"-","CHANGE") -> - | AW15: =IF('20251110-불일치 수정'!H15=AO15,"-","CHANGE") -> - | AX15: =IF('20251110-불일치 수정'!I15=AP15,"-","CHANGE") -> -
B16: 31 | C16: 28.4 | D16: 36 | E16: 36 | F16: 4500 | G16: 4428 | H16: 4500 | I16: 4428 | L16: =PI()*(F16+G16)/2000*(D16/1000)*(B16-C16)*7850 -> 10304.325 | M16: =B16-$C$9 -> 16 | N16: =F16 -> 4500 | O16: =H16 -> 4500 | P16: 36 | Q16: =PI()/4*((N16/2000)^4-(N16/2000-P16/1000)^4) -> 1.2576598 | R16: 5000 | S16: 29 | T16: =PI()/4*((R16/2000)^4-(R16/2000-S16/1000)^4) -> 1.3989557 | V16: =B16 -> 31 | W16: =C16 -> 28.4 | X16: =S16 -> 29 | Y16: =S16 -> 29 | Z16: =R16 -> 5000 | AA16: =Z16-X16 -> 4971 | AB16: =Z15 -> 5000 | AC16: =AB16-Y16 -> 4971 | AF16: =PI()*(Z16+AA16)/2000*(X16/1000)*(V16-W16)*7850 -> 9270.424 | AI16: 31 | AJ16: 28.4 | AK16: 31 | AL16: 31 | AM16: 5000 | AN16: 4938 | AO16: 5000 | AP16: 4938 | AT16: 8 | AU16: =IF('20251110-불일치 수정'!F16=AM16,"-","CHANGE") -> - | AV16: =IF('20251110-불일치 수정'!G16=AN16,"-","CHANGE") -> - | AW16: =IF('20251110-불일치 수정'!H16=AO16,"-","CHANGE") -> - | AX16: =IF('20251110-불일치 수정'!I16=AP16,"-","CHANGE") -> -
B17: 33.6 | C17: 31 | D17: 35 | E17: 35 | F17: 4500 | G17: 4430 | H17: 4500 | I17: 4430 | L17: =PI()*(F17+G17)/2000*(D17/1000)*(B17-C17)*7850 -> 10020.338 | M17: =B17-$C$9 -> 18.6 | N17: =F17 -> 4500 | O17: =H17 -> 4500 | P17: 35 | Q17: =PI()/4*((N17/2000)^4-(N17/2000-P17/1000)^4) -> 1.2235423 | R17: 5000 | S17: 28 | T17: =PI()/4*((R17/2000)^4-(R17/2000-S17/1000)^4) -> 1.351528 | V17: =B17 -> 33.6 | W17: =C17 -> 31 | X17: =S17 -> 28 | Y17: =S17 -> 28 | Z17: =R17 -> 5000 | AA17: =Z17-X17 -> 4972 | AB17: =Z16 -> 5000 | AC17: =AB17-Y17 -> 4972 | AF17: =PI()*(Z17+AA17)/2000*(X17/1000)*(V17-W17)*7850 -> 8951.6518 | AI17: 33.6 | AJ17: 31 | AK17: 31 | AL17: 31 | AM17: 5000 | AN17: 4938 | AO17: 5000 | AP17: 4938 | AT17: 9 | AU17: =IF('20251110-불일치 수정'!F17=AM17,"-","CHANGE") -> - | AV17: =IF('20251110-불일치 수정'!G17=AN17,"-","CHANGE") -> - | AW17: =IF('20251110-불일치 수정'!H17=AO17,"-","CHANGE") -> - | AX17: =IF('20251110-불일치 수정'!I17=AP17,"-","CHANGE") -> -
B18: 36.2 | C18: 33.6 | D18: 34 | E18: 34 | F18: 4500 | G18: 4432 | H18: 4500 | I18: 4432 | L18: =PI()*(F18+G18)/2000*(D18/1000)*(B18-C18)*7850 -> 9736.223 | M18: =B18-$C$9 -> 21.2 | N18: =F18 -> 4500 | O18: =H18 -> 4500 | P18: 34 | Q18: =PI()/4*((N18/2000)^4-(N18/2000-P18/1000)^4) -> 1.1893786 | R18: 5000 | S18: 27 | T18: =PI()/4*((R18/2000)^4-(R18/2000-S18/1000)^4) -> 1.3040428 | V18: =B18 -> 36.2 | W18: =C18 -> 33.6 | X18: =S18 -> 27 | Y18: =S18 -> 27 | Z18: =R18 -> 5000 | AA18: =Z18-X18 -> 4973 | AB18: =Z17 -> 5000 | AC18: =AB18-Y18 -> 4973 | AF18: =PI()*(Z18+AA18)/2000*(X18/1000)*(V18-W18)*7850 -> 8632.8156 | AI18: 36.2 | AJ18: 33.6 | AK18: 30 | AL18: 30 | AM18: 5000 | AN18: 4940 | AO18: 5000 | AP18: 4940 | AT18: 10 | AU18: =IF('20251110-불일치 수정'!F18=AM18,"-","CHANGE") -> - | AV18: =IF('20251110-불일치 수정'!G18=AN18,"-","CHANGE") -> - | AW18: =IF('20251110-불일치 수정'!H18=AO18,"-","CHANGE") -> - | AX18: =IF('20251110-불일치 수정'!I18=AP18,"-","CHANGE") -> -
B19: 38.75 | C19: 36.2 | D19: 33 | E19: 33 | F19: 4500 | G19: 4434 | H19: 4500 | I19: 4434 | L19: =PI()*(F19+G19)/2000*(D19/1000)*(B19-C19)*7850 -> 9270.2106 | M19: =B19-$C$9 -> 23.75 | N19: =F19 -> 4500 | O19: =H19 -> 4500 | P19: 33 | Q19: =PI()/4*((N19/2000)^4-(N19/2000-P19/1000)^4) -> 1.1551686 | R19: 5000 | S19: 26 | T19: =PI()/4*((R19/2000)^4-(R19/2000-S19/1000)^4) -> 1.2564999 | V19: =B19 -> 38.75 | W19: =C19 -> 36.2 | X19: =S19 -> 26 | Y19: =S19 -> 26 | Z19: =R19 -> 5000 | AA19: =Z19-X19 -> 4974 | AB19: =Z18 -> 5000 | AC19: =AB19-Y19 -> 4974 | AF19: =PI()*(Z19+AA19)/2000*(X19/1000)*(V19-W19)*7850 -> 8154.0323 | AI19: 38.75 | AJ19: 36.2 | AK19: 29 | AL19: 29 | AM19: 5000 | AN19: 4942 | AO19: 5000 | AP19: 4942 | AT19: 11 | AU19: =IF('20251110-불일치 수정'!F19=AM19,"-","CHANGE") -> - | AV19: =IF('20251110-불일치 수정'!G19=AN19,"-","CHANGE") -> - | AW19: =IF('20251110-불일치 수정'!H19=AO19,"-","CHANGE") -> - | AX19: =IF('20251110-불일치 수정'!I19=AP19,"-","CHANGE") -> -
B20: 39 | C20: 38.75 | D20: 32 | E20: 32 | F20: 4500 | G20: 4436 | H20: 4500 | I20: 4436 | J20: L-FLG | K20: 3534.1739 | M20: =B20-$C$9 -> 24 | N20: =F20 -> 4500 | O20: =H20 -> 4500 | P20: 32 | Q20: =PI()/4*((N20/2000)^4-(N20/2000-P20/1000)^4) -> 1.1209123 | R20: 5000 | S20: 26 | T20: =PI()/4*((R20/2000)^4-(R20/2000-S20/1000)^4) -> 1.2564999 | V20: =B20 -> 39 | W20: =C20 -> 38.75 | X20: =S20 -> 26 | Y20: =S20 -> 26 | Z20: =R20 -> 5000 | AA20: =Z20-X20 -> 4974 | AB20: =Z19 -> 5000 | AC20: =AB20-Y20 -> 4974 | AD20: L-FLG | AE20: 3534.1739 | AI20: 39 | AJ20: 38.75 | AK20: 29 | AL20: 29 | AM20: 5000 | AN20: 4942 | AO20: 5000 | AP20: 4942 | AQ20: L-FLG | AR20: 3441.0786 | AT20: 12 | AU20: =IF('20251110-불일치 수정'!F20=AM20,"-","CHANGE") -> - | AV20: =IF('20251110-불일치 수정'!G20=AN20,"-","CHANGE") -> - | AW20: =IF('20251110-불일치 수정'!H20=AO20,"-","CHANGE") -> - | AX20: =IF('20251110-불일치 수정'!I20=AP20,"-","CHANGE") -> -
B21: 39.25 | C21: 39 | D21: 32 | E21: 32 | F21: 4500 | G21: 4436 | H21: 4500 | I21: 4436 | J21: L-FLG | K21: 3534.1739 | M21: =B21-$C$9 -> 24.25 | N21: =F21 -> 4500 | O21: =H21 -> 4500 | P21: 32 | Q21: =PI()/4*((N21/2000)^4-(N21/2000-P21/1000)^4) -> 1.1209123 | R21: 5000 | S21: 26 | T21: =PI()/4*((R21/2000)^4-(R21/2000-S21/1000)^4) -> 1.2564999 | V21: =B21 -> 39.25 | W21: =C21 -> 39 | X21: =S21 -> 26 | Y21: =S21 -> 26 | Z21: =R21 -> 5000 | AA21: =Z21-X21 -> 4974 | AB21: =Z20 -> 5000 | AC21: =AB21-Y21 -> 4974 | AD21: L-FLG | AE21: 3534.1739 | AI21: 39.25 | AJ21: 39 | AK21: 28 | AL21: 28 | AM21: 5000 | AN21: 4944 | AO21: 5000 | AP21: 4944 | AQ21: L-FLG | AR21: 3441.0786 | AT21: 13 | AU21: =IF('20251110-불일치 수정'!F21=AM21,"-","CHANGE") -> - | AV21: =IF('20251110-불일치 수정'!G21=AN21,"-","CHANGE") -> - | AW21: =IF('20251110-불일치 수정'!H21=AO21,"-","CHANGE") -> - | AX21: =IF('20251110-불일치 수정'!I21=AP21,"-","CHANGE") -> -
B22: 41.75 | C22: 39.25 | D22: 32 | E22: 32 | F22: 4444.3672 | G22: 4380.3672 | H22: 4500 | I22: 4436 | L22: =PI()*(F22+G22)/2000*(D22/1000)*(B22-C22)*7850 -> 8705.2483 | M22: =B22-$C$9 -> 26.75 | N22: =F22 -> 4444.3672 | O22: =H22 -> 4500 | P22: 32 | Q22: =PI()/4*((N22/2000)^4-(N22/2000-P22/1000)^4) -> 1.0795621 | R22: 5000 | S22: 25 | T22: =PI()/4*((R22/2000)^4-(R22/2000-S22/1000)^4) -> 1.2088993 | V22: =B22 -> 41.75 | W22: =C22 -> 39.25 | X22: =S22 -> 25 | Y22: =S22 -> 25 | Z22: =R22 -> 5000 | AA22: =Z22-X22 -> 4975 | AB22: =Z21 -> 5000 | AC22: =AB22-Y22 -> 4975 | AF22: =PI()*(Z22+AA22)/2000*(X22/1000)*(V22-W22)*7850 -> 7687.4527 | AI22: 41.75 | AJ22: 39.25 | AK22: 28 | AL22: 28 | AM22: 5000 | AN22: 4944 | AO22: 5000 | AP22: 4944 | AT22: 14 | AU22: =IF('20251110-불일치 수정'!F22=AM22,"-","CHANGE") -> - | AV22: =IF('20251110-불일치 수정'!G22=AN22,"-","CHANGE") -> - | AW22: =IF('20251110-불일치 수정'!H22=AO22,"-","CHANGE") -> - | AX22: =IF('20251110-불일치 수정'!I22=AP22,"-","CHANGE") -> -
B23: 44.3 | C23: 41.75 | D23: 32 | E23: 32 | F23: 4387.6217 | G23: 4323.6217 | H23: 4444.3672 | I23: 4380.3672 | L23: =PI()*(F23+G23)/2000*(D23/1000)*(B23-C23)*7850 -> 8765.1598 | M23: =B23-$C$9 -> 29.3 | N23: =F23 -> 4387.6217 | O23: =H23 -> 4444.3672 | P23: 32 | Q23: =PI()/4*((N23/2000)^4-(N23/2000-P23/1000)^4) -> 1.0384456 | R23: 5000 | S23: 24 | T23: =PI()/4*((R23/2000)^4-(R23/2000-S23/1000)^4) -> 1.161241 | V23: =B23 -> 44.3 | W23: =C23 -> 41.75 | X23: =S23 -> 24 | Y23: =S23 -> 24 | Z23: =R23 -> 5000 | AA23: =Z23-X23 -> 4976 | AB23: =Z22 -> 5000 | AC23: =AB23-Y23 -> 4976 | AF23: =PI()*(Z23+AA23)/2000*(X23/1000)*(V23-W23)*7850 -> 7528.3083 | AI23: 44.3 | AJ23: 41.75 | AK23: 27 | AL23: 27 | AM23: 5000 | AN23: 4946 | AO23: 5000 | AP23: 4946 | AT23: 15 | AU23: =IF('20251110-불일치 수정'!F23=AM23,"-","CHANGE") -> - | AV23: =IF('20251110-불일치 수정'!G23=AN23,"-","CHANGE") -> - | AW23: =IF('20251110-불일치 수정'!H23=AO23,"-","CHANGE") -> - | AX23: =IF('20251110-불일치 수정'!I23=AP23,"-","CHANGE") -> -
B24: 46.85 | C24: 44.3 | D24: 31 | E24: 31 | F24: 4330.8762 | G24: 4268.8762 | H24: 4387.6217 | I24: 4325.6217 | L24: =PI()*(F24+G24)/2000*(D24/1000)*(B24-C24)*7850 -> 8382.5733 | M24: =B24-$C$9 -> 31.85 | N24: =F24 -> 4330.8762 | O24: =H24 -> 4387.6217 | P24: 31 | Q24: =PI()/4*((N24/2000)^4-(N24/2000-P24/1000)^4) -> 0.96785882 | R24: 5000 | S24: 23 | T24: =PI()/4*((R24/2000)^4-(R24/2000-S24/1000)^4) -> 1.1135249 | V24: =B24 -> 46.85 | W24: =C24 -> 44.3 | X24: =S24 -> 23 | Y24: =S24 -> 23 | Z24: =R24 -> 5000 | AA24: =Z24-X24 -> 4977 | AB24: =Z23 -> 5000 | AC24: =AB24-Y24 -> 4977 | AF24: =PI()*(Z24+AA24)/2000*(X24/1000)*(V24-W24)*7850 -> 7215.352 | AI24: 46.85 | AJ24: 44.3 | AK24: 26 | AL24: 26 | AM24: 5000 | AN24: 4948 | AO24: 5000 | AP24: 4948 | AT24: 16 | AU24: =IF('20251110-불일치 수정'!F24=AM24,"-","CHANGE") -> - | AV24: =IF('20251110-불일치 수정'!G24=AN24,"-","CHANGE") -> - | AW24: =IF('20251110-불일치 수정'!H24=AO24,"-","CHANGE") -> - | AX24: =IF('20251110-불일치 수정'!I24=AP24,"-","CHANGE") -> -
B25: 49.4 | C25: 46.85 | D25: 30 | E25: 30 | F25: 4274.1307 | G25: 4214.1307 | H25: 4330.8762 | I25: 4270.8762 | L25: =PI()*(F25+G25)/2000*(D25/1000)*(B25-C25)*7850 -> 8006.998 | M25: =B25-$C$9 -> 34.4 | N25: =F25 -> 4274.1307 | O25: =H25 -> 4330.8762 | P25: 30 | Q25: =PI()/4*((N25/2000)^4-(N25/2000-P25/1000)^4) -> 0.90067706 | R25: 5000 | S25: 22 | T25: =PI()/4*((R25/2000)^4-(R25/2000-S25/1000)^4) -> 1.0657509 | V25: =B25 -> 49.4 | W25: =C25 -> 46.85 | X25: =S25 -> 22 | Y25: =S25 -> 22 | Z25: =R25 -> 5000 | AA25: =Z25-X25 -> 4978 | AB25: =Z24 -> 5000 | AC25: =AB25-Y25 -> 4978 | AF25: =PI()*(Z25+AA25)/2000*(X25/1000)*(V25-W25)*7850 -> 6902.3328 | AI25: 49.4 | AJ25: 46.85 | AK25: 26 | AL25: 26 | AM25: 5000 | AN25: 4950 | AO25: 5000 | AP25: 4950 | AT25: 17 | AU25: =IF('20251110-불일치 수정'!F25=AM25,"-","CHANGE") -> - | AV25: =IF('20251110-불일치 수정'!G25=AN25,"-","CHANGE") -> CHANGE | AW25: =IF('20251110-불일치 수정'!H25=AO25,"-","CHANGE") -> - | AX25: =IF('20251110-불일치 수정'!I25=AP25,"-","CHANGE") -> CHANGE
B26: 51.95 | C26: 49.4 | D26: 30 | E26: 30 | F26: 4217.3853 | G26: 4157.3853 | H26: 4274.1307 | I26: 4214.1307 | L26: =PI()*(F26+G26)/2000*(D26/1000)*(B26-C26)*7850 -> 7899.9417 | M26: =B26-$C$9 -> 36.95 | N26: =F26 -> 4217.3853 | O26: =H26 -> 4274.1307 | P26: 30 | Q26: =PI()/4*((N26/2000)^4-(N26/2000-P26/1000)^4) -> 0.86503203 | R26: 5000 | S26: 21 | T26: =PI()/4*((R26/2000)^4-(R26/2000-S26/1000)^4) -> 1.0179192 | V26: =B26 -> 51.95 | W26: =C26 -> 49.4 | X26: =S26 -> 21 | Y26: =S26 -> 21 | Z26: =R26 -> 5000 | AA26: =Z26-X26 -> 4979 | AB26: =Z25 -> 5000 | AC26: =AB26-Y26 -> 4979 | AF26: =PI()*(Z26+AA26)/2000*(X26/1000)*(V26-W26)*7850 -> 6589.2507 | AI26: 51.95 | AJ26: 49.4 | AK26: 25 | AL26: 25 | AM26: 5000 | AN26: 4950 | AO26: 5000 | AP26: 4950 | AT26: 18 | AU26: =IF('20251110-불일치 수정'!F26=AM26,"-","CHANGE") -> - | AV26: =IF('20251110-불일치 수정'!G26=AN26,"-","CHANGE") -> - | AW26: =IF('20251110-불일치 수정'!H26=AO26,"-","CHANGE") -> - | AX26: =IF('20251110-불일치 수정'!I26=AP26,"-","CHANGE") -> -
B27: 54.5 | C27: 51.95 | D27: 29 | E27: 29 | F27: 4160.6398 | G27: 4102.6398 | H27: 4217.3853 | I27: 4159.3853 | L27: =PI()*(F27+G27)/2000*(D27/1000)*(B27-C27)*7850 -> 7534.9462 | M27: =B27-$C$9 -> 39.5 | N27: =F27 -> 4160.6398 | O27: =H27 -> 4217.3853 | P27: 29 | Q27: =PI()/4*((N27/2000)^4-(N27/2000-P27/1000)^4) -> 0.80324241 | R27: 5000 | S27: 20 | T27: =PI()/4*((R27/2000)^4-(R27/2000-S27/1000)^4) -> 0.97002944 | V27: =B27 -> 54.5 | W27: =C27 -> 51.95 | X27: =S27 -> 20 | Y27: =S27 -> 20 | Z27: =R27 -> 5000 | AA27: =Z27-X27 -> 4980 | AB27: =Z26 -> 5000 | AC27: =AB27-Y27 -> 4980 | AF27: =PI()*(Z27+AA27)/2000*(X27/1000)*(V27-W27)*7850 -> 6276.1057 | AI27: 54.5 | AJ27: 51.95 | AK27: 24 | AL27: 24 | AM27: 5000 | AN27: 4952 | AO27: 5000 | AP27: 4952 | AT27: 19 | AU27: =IF('20251110-불일치 수정'!F27=AM27,"-","CHANGE") -> - | AV27: =IF('20251110-불일치 수정'!G27=AN27,"-","CHANGE") -> - | AW27: =IF('20251110-불일치 수정'!H27=AO27,"-","CHANGE") -> - | AX27: =IF('20251110-불일치 수정'!I27=AP27,"-","CHANGE") -> -
B28: 57 | C28: 54.5 | D28: 29 | E28: 29 | F28: 4105.007 | G28: 4047.007 | H28: 4160.6398 | I28: 4102.6398 | L28: =PI()*(F28+G28)/2000*(D28/1000)*(B28-C28)*7850 -> 7287.733 | M28: =B28-$C$9 -> 42 | N28: =F28 -> 4105.007 | O28: =H28 -> 4160.6398 | P28: 29 | Q28: =PI()/4*((N28/2000)^4-(N28/2000-P28/1000)^4) -> 0.77123125 | R28: 5000 | S28: 20 | T28: =PI()/4*((R28/2000)^4-(R28/2000-S28/1000)^4) -> 0.97002944 | V28: =B28 -> 57 | W28: =C28 -> 54.5 | X28: =S28 -> 20 | Y28: =S28 -> 20 | Z28: =R28 -> 5000 | AA28: =Z28-X28 -> 4980 | AB28: =Z27 -> 5000 | AC28: =AB28-Y28 -> 4980 | AF28: =PI()*(Z28+AA28)/2000*(X28/1000)*(V28-W28)*7850 -> 6153.0448 | AI28: 57 | AJ28: 54.5 | AK28: 23 | AL28: 23 | AM28: 5000 | AN28: 4954 | AO28: 5000 | AP28: 4954 | AT28: 20 | AU28: =IF('20251110-불일치 수정'!F28=AM28,"-","CHANGE") -> - | AV28: =IF('20251110-불일치 수정'!G28=AN28,"-","CHANGE") -> - | AW28: =IF('20251110-불일치 수정'!H28=AO28,"-","CHANGE") -> - | AX28: =IF('20251110-불일치 수정'!I28=AP28,"-","CHANGE") -> -
B29: 57.225 | C29: 57 | D29: 28 | E29: 28 | F29: 4100 | G29: 4044 | H29: 4105.007 | I29: 4049.007 | J29: L-FLG | K29: 2463.6249 | M29: =B29-$C$9 -> 42.225 | N29: =F29 -> 4100 | O29: =H29 -> 4105.007 | P29: 28 | Q29: =PI()/4*((N29/2000)^4-(N29/2000-P29/1000)^4) -> 0.74244068 | R29: 5000 | S29: 29 | T29: =PI()/4*((R29/2000)^4-(R29/2000-S29/1000)^4) -> 1.3989557 | V29: =B29 -> 57.225 | W29: =C29 -> 57 | X29: =S29 -> 29 | Y29: =S29 -> 29 | Z29: =R29 -> 5000 | AA29: =Z29-X29 -> 4971 | AB29: =Z28 -> 5000 | AC29: =AB29-Y29 -> 4971 | AD29: L-FLG | AE29: 2463.6249 | AI29: 57.225 | AJ29: 57 | AK29: 22 | AL29: 22 | AM29: 5000 | AN29: 4956 | AO29: 5000 | AP29: 4956 | AQ29: L-FLG | AR29: 3146.132 | AT29: 21 | AU29: =IF('20251110-불일치 수정'!F29=AM29,"-","CHANGE") -> - | AV29: =IF('20251110-불일치 수정'!G29=AN29,"-","CHANGE") -> - | AW29: =IF('20251110-불일치 수정'!H29=AO29,"-","CHANGE") -> - | AX29: =IF('20251110-불일치 수정'!I29=AP29,"-","CHANGE") -> -
B30: 57.45 | C30: 57.225 | D30: 28 | E30: 28 | F30: 4100 | G30: 4044 | H30: 4100 | I30: 4044 | J30: L-FLG | K30: 2463.6249 | M30: =B30-$C$9 -> 42.45 | N30: =F30 -> 4100 | O30: =H30 -> 4100 | P30: 28 | Q30: =PI()/4*((N30/2000)^4-(N30/2000-P30/1000)^4) -> 0.74244068 | R30: 5000 | S30: 20 | T30: =PI()/4*((R30/2000)^4-(R30/2000-S30/1000)^4) -> 0.97002944 | V30: =B30 -> 57.45 | W30: =C30 -> 57.225 | X30: =S30 -> 20 | Y30: =S30 -> 20 | Z30: =R30 -> 5000 | AA30: =Z30-X30 -> 4980 | AB30: =Z29 -> 5000 | AC30: =AB30-Y30 -> 4980 | AD30: L-FLG | AE30: 2463.6249 | AI30: 57.45 | AJ30: 57.225 | AK30: 22 | AL30: 22 | AM30: 5000 | AN30: 4956 | AO30: 5000 | AP30: 4956 | AQ30: L-FLG | AR30: 3146.132 | AT30: 22 | AU30: =IF('20251110-불일치 수정'!F30=AM30,"-","CHANGE") -> - | AV30: =IF('20251110-불일치 수정'!G30=AN30,"-","CHANGE") -> - | AW30: =IF('20251110-불일치 수정'!H30=AO30,"-","CHANGE") -> - | AX30: =IF('20251110-불일치 수정'!I30=AP30,"-","CHANGE") -> -
B31: 59.95 | C31: 57.45 | D31: 28 | E31: 28 | F31: 4033.9978 | G31: 3977.9978 | H31: 4100 | I31: 4044 | L31: =PI()*(F31+G31)/2000*(D31/1000)*(B31-C31)*7850 -> 6915.5746 | M31: =B31-$C$9 -> 44.95 | N31: =F31 -> 4033.9978 | O31: =H31 -> 4100 | P31: 28 | Q31: =PI()/4*((N31/2000)^4-(N31/2000-P31/1000)^4) -> 0.70692158 | R31: 4800 | S31: 20 | T31: =PI()/4*((R31/2000)^4-(R31/2000-S31/1000)^4) -> 0.85779039 | V31: =B31 -> 59.95 | W31: =C31 -> 57.45 | X31: =S31 -> 20 | Y31: =S31 -> 20 | Z31: =R31 -> 4800 | AA31: =Z31-X31 -> 4780 | AB31: =Z30 -> 5000 | AC31: =AB31-Y31 -> 4980 | AF31: =PI()*(Z31+AA31)/2000*(X31/1000)*(V31-W31)*7850 -> 5906.4298 | AI31: 59.95 | AJ31: 57.45 | AK31: 22 | AL31: 22 | AM31: 4859.7452 | AN31: 4815.7452 | AO31: 5000 | AP31: 4956 | AT31: 23 | AU31: =IF('20251110-불일치 수정'!F31=AM31,"-","CHANGE") -> - | AV31: =IF('20251110-불일치 수정'!G31=AN31,"-","CHANGE") -> - | AW31: =IF('20251110-불일치 수정'!H31=AO31,"-","CHANGE") -> - | AX31: =IF('20251110-불일치 수정'!I31=AP31,"-","CHANGE") -> -
B32: 62.5 | C32: 59.95 | D32: 27 | E32: 27 | F32: 3966.6755 | G32: 3912.6755 | H32: 4033.9978 | I32: 3979.9978 | L32: =PI()*(F32+G32)/2000*(D32/1000)*(B32-C32)*7850 -> 6689.35 | M32: =B32-$C$9 -> 47.5 | N32: =F32 -> 3966.6755 | O32: =H32 -> 4033.9978 | P32: 27 | Q32: =PI()/4*((N32/2000)^4-(N32/2000-P32/1000)^4) -> 0.6483737 | R32: 4600 | S32: 20 | T32: =PI()/4*((R32/2000)^4-(R32/2000-S32/1000)^4) -> 0.75456142 | V32: =B32 -> 62.5 | W32: =C32 -> 59.95 | X32: =S32 -> 20 | Y32: =S32 -> 20 | Z32: =R32 -> 4600 | AA32: =Z32-X32 -> 4580 | AB32: =Z31 -> 4800 | AC32: =AB32-Y32 -> 4780 | AF32: =PI()*(Z32+AA32)/2000*(X32/1000)*(V32-W32)*7850 -> 5773.0111 | AI32: 62.5 | AJ32: 59.95 | AK32: 22 | AL32: 22 | AM32: 4716.6854 | AN32: 4672.6854 | AO32: 4859.7452 | AP32: 4815.7452 | AT32: 24 | AU32: =IF('20251110-불일치 수정'!F32=AM32,"-","CHANGE") -> - | AV32: =IF('20251110-불일치 수정'!G32=AN32,"-","CHANGE") -> - | AW32: =IF('20251110-불일치 수정'!H32=AO32,"-","CHANGE") -> - | AX32: =IF('20251110-불일치 수정'!I32=AP32,"-","CHANGE") -> -
B33: 65.05 | C33: 62.5 | D33: 26 | E33: 26 | F33: 3899.3532 | G33: 3847.3532 | H33: 3966.6755 | I33: 3914.6755 | L33: =PI()*(F33+G33)/2000*(D33/1000)*(B33-C33)*7850 -> 6333.1556 | M33: =B33-$C$9 -> 50.05 | N33: =F33 -> 3899.3532 | O33: =H33 -> 3966.6755 | P33: 26 | Q33: =PI()/4*((N33/2000)^4-(N33/2000-P33/1000)^4) -> 0.5933543 | R33: 4200 | S33: 21 | T33: =PI()/4*((R33/2000)^4-(R33/2000-S33/1000)^4) -> 0.60187632 | V33: =B33 -> 65.05 | W33: =C33 -> 62.5 | X33: =S33 -> 21 | Y33: =S33 -> 21 | Z33: =R33 -> 4200 | AA33: =Z33-X33 -> 4179 | AB33: =Z32 -> 4600 | AC33: =AB33-Y33 -> 4579 | AF33: =PI()*(Z33+AA33)/2000*(X33/1000)*(V33-W33)*7850 -> 5532.7519 | AI33: 65.05 | AJ33: 62.5 | AK33: 22 | AL33: 22 | AM33: 4573.6255 | AN33: 4529.6255 | AO33: 4716.6854 | AP33: 4672.6854 | AT33: 25 | AU33: =IF('20251110-불일치 수정'!F33=AM33,"-","CHANGE") -> - | AV33: =IF('20251110-불일치 수정'!G33=AN33,"-","CHANGE") -> - | AW33: =IF('20251110-불일치 수정'!H33=AO33,"-","CHANGE") -> - | AX33: =IF('20251110-불일치 수정'!I33=AP33,"-","CHANGE") -> -
B34: 67.6 | C34: 65.05 | D34: 26 | E34: 26 | F34: 3832.0309 | G34: 3780.0309 | H34: 3899.3532 | I34: 3847.3532 | L34: =PI()*(F34+G34)/2000*(D34/1000)*(B34-C34)*7850 -> 6223.0797 | M34: =B34-$C$9 -> 52.6 | N34: =F34 -> 3832.0309 | O34: =H34 -> 3899.3532 | P34: 26 | Q34: =PI()/4*((N34/2000)^4-(N34/2000-P34/1000)^4) -> 0.56295078 | R34: 4000 | S34: 23 | T34: =PI()/4*((R34/2000)^4-(R34/2000-S34/1000)^4) -> 0.56815786 | V34: =B34 -> 67.6 | W34: =C34 -> 65.05 | X34: =S34 -> 23 | Y34: =S34 -> 23 | Z34: =R34 -> 4000 | AA34: =Z34-X34 -> 3977 | AB34: =Z33 -> 4200 | AC34: =AB34-Y34 -> 4177 | AF34: =PI()*(Z34+AA34)/2000*(X34/1000)*(V34-W34)*7850 -> 5768.9549 | AI34: 67.6 | AJ34: 65.05 | AK34: 23 | AL34: 23 | AM34: 4430.5656 | AN34: 4384.5656 | AO34: 4573.6255 | AP34: 4527.6255 | AT34: 26 | AU34: =IF('20251110-불일치 수정'!F34=AM34,"-","CHANGE") -> - | AV34: =IF('20251110-불일치 수정'!G34=AN34,"-","CHANGE") -> - | AW34: =IF('20251110-불일치 수정'!H34=AO34,"-","CHANGE") -> - | AX34: =IF('20251110-불일치 수정'!I34=AP34,"-","CHANGE") -> -
B35: 70.15 | C35: 67.6 | D35: 25 | E35: 25 | F35: 3764.7086 | G35: 3714.7086 | H35: 3832.0309 | I35: 3782.0309 | L35: =PI()*(F35+G35)/2000*(D35/1000)*(B35-C35)*7850 -> 5879.4606 | M35: =B35-$C$9 -> 55.15 | N35: =F35 -> 3764.7086 | O35: =H35 -> 3832.0309 | P35: 25 | Q35: =PI()/4*((N35/2000)^4-(N35/2000-P35/1000)^4) -> 0.51349071 | R35: 3764.7086 | S35: 25 | T35: =PI()/4*((R35/2000)^4-(R35/2000-S35/1000)^4) -> 0.51349071 | V35: =B35 -> 70.15 | W35: =C35 -> 67.6 | X35: =S35 -> 25 | Y35: =S35 -> 25 | Z35: =R35 -> 3764.7086 | AA35: =Z35-X35 -> 3739.7086 | AB35: =Z34 -> 4000 | AC35: =AB35-Y35 -> 3975 | AF35: =PI()*(Z35+AA35)/2000*(X35/1000)*(V35-W35)*7850 -> 5899.1127 | AI35: 70.15 | AJ35: 67.6 | AK35: 25 | AL35: 25 | AM35: 4287.5058 | AN35: 4237.5058 | AO35: 4430.5656 | AP35: 4380.5656 | AT35: 27 | AU35: =IF('20251110-불일치 수정'!F35=AM35,"-","CHANGE") -> - | AV35: =IF('20251110-불일치 수정'!G35=AN35,"-","CHANGE") -> - | AW35: =IF('20251110-불일치 수정'!H35=AO35,"-","CHANGE") -> - | AX35: =IF('20251110-불일치 수정'!I35=AP35,"-","CHANGE") -> -
B36: 72.7 | C36: 70.15 | D36: 24 | E36: 24 | F36: 3697.3863 | G36: 3649.3863 | H36: 3764.7086 | I36: 3716.7086 | L36: =PI()*(F36+G36)/2000*(D36/1000)*(B36-C36)*7850 -> 5544.183 | M36: =B36-$C$9 -> 57.7 | N36: =F36 -> 3697.3863 | O36: =H36 -> 3764.7086 | P36: 24 | Q36: =PI()/4*((N36/2000)^4-(N36/2000-P36/1000)^4) -> 0.46718563 | R36: 3697.3863 | S36: 24 | T36: =PI()/4*((R36/2000)^4-(R36/2000-S36/1000)^4) -> 0.46718563 | V36: =B36 -> 72.7 | W36: =C36 -> 70.15 | X36: =S36 -> 24 | Y36: =S36 -> 24 | Z36: =R36 -> 3697.3863 | AA36: =Z36-X36 -> 3673.3863 | AB36: =Z35 -> 3764.7086 | AC36: =AB36-Y36 -> 3740.7086 | AF36: =PI()*(Z36+AA36)/2000*(X36/1000)*(V36-W36)*7850 -> 5562.2944 | AI36: 72.7 | AJ36: 70.15 | AK36: 24 | AL36: 24 | AM36: 4144.4459 | AN36: 4096.4459 | AO36: 4287.5058 | AP36: 4239.5058 | AT36: 28 | AU36: =IF('20251110-불일치 수정'!F36=AM36,"-","CHANGE") -> - | AV36: =IF('20251110-불일치 수정'!G36=AN36,"-","CHANGE") -> - | AW36: =IF('20251110-불일치 수정'!H36=AO36,"-","CHANGE") -> - | AX36: =IF('20251110-불일치 수정'!I36=AP36,"-","CHANGE") -> -
B37: 75.25 | C37: 72.7 | D37: 23 | E37: 23 | F37: 3630.064 | G37: 3584.064 | H37: 3697.3863 | I37: 3651.3863 | L37: =PI()*(F37+G37)/2000*(D37/1000)*(B37-C37)*7850 -> 5217.247 | M37: =B37-$C$9 -> 60.25 | N37: =F37 -> 3630.064 | O37: =H37 -> 3697.3863 | P37: 23 | Q37: =PI()/4*((N37/2000)^4-(N37/2000-P37/1000)^4) -> 0.42390343 | R37: 3630.064 | S37: 23 | T37: =PI()/4*((R37/2000)^4-(R37/2000-S37/1000)^4) -> 0.42390343 | V37: =B37 -> 75.25 | W37: =C37 -> 72.7 | X37: =S37 -> 23 | Y37: =S37 -> 23 | Z37: =R37 -> 3630.064 | AA37: =Z37-X37 -> 3607.064 | AB37: =Z36 -> 3697.3863 | AC37: =AB37-Y37 -> 3674.3863 | AF37: =PI()*(Z37+AA37)/2000*(X37/1000)*(V37-W37)*7850 -> 5233.8806 | AI37: 75.25 | AJ37: 72.7 | AK37: 23 | AL37: 23 | AM37: 4001.386 | AN37: 3955.386 | AO37: 4144.4459 | AP37: 4098.4459 | AT37: 29 | AU37: =IF('20251110-불일치 수정'!F37=AM37,"-","CHANGE") -> - | AV37: =IF('20251110-불일치 수정'!G37=AN37,"-","CHANGE") -> - | AW37: =IF('20251110-불일치 수정'!H37=AO37,"-","CHANGE") -> - | AX37: =IF('20251110-불일치 수정'!I37=AP37,"-","CHANGE") -> -
B38: 77.8 | C38: 75.25 | D38: 23 | E38: 23 | F38: 3562.7417 | G38: 3516.7417 | H38: 3630.064 | I38: 3584.064 | L38: =PI()*(F38+G38)/2000*(D38/1000)*(B38-C38)*7850 -> 5119.8722 | M38: =B38-$C$9 -> 62.8 | N38: =F38 -> 3562.7417 | O38: =H38 -> 3630.064 | P38: 23 | Q38: =PI()/4*((N38/2000)^4-(N38/2000-P38/1000)^4) -> 0.40060908 | R38: 3562.7417 | S38: 23 | T38: =PI()/4*((R38/2000)^4-(R38/2000-S38/1000)^4) -> 0.40060908 | V38: =B38 -> 77.8 | W38: =C38 -> 75.25 | X38: =S38 -> 23 | Y38: =S38 -> 23 | Z38: =R38 -> 3562.7417 | AA38: =Z38-X38 -> 3539.7417 | AB38: =Z37 -> 3630.064 | AC38: =AB38-Y38 -> 3607.064 | AF38: =PI()*(Z38+AA38)/2000*(X38/1000)*(V38-W38)*7850 -> 5136.5058 | AI38: 77.8 | AJ38: 75.25 | AK38: 23 | AL38: 23 | AM38: 3858.3262 | AN38: 3812.3262 | AO38: 4001.386 | AP38: 3955.386 | AT38: 30 | AU38: =IF('20251110-불일치 수정'!F38=AM38,"-","CHANGE") -> - | AV38: =IF('20251110-불일치 수정'!G38=AN38,"-","CHANGE") -> - | AW38: =IF('20251110-불일치 수정'!H38=AO38,"-","CHANGE") -> - | AX38: =IF('20251110-불일치 수정'!I38=AP38,"-","CHANGE") -> -
B39: 80.35 | C39: 77.8 | D39: 21 | E39: 21 | F39: 3495.4194 | G39: 3453.4194 | H39: 3562.7417 | I39: 3520.7417 | L39: =PI()*(F39+G39)/2000*(D39/1000)*(B39-C39)*7850 -> 4588.3998 | M39: =B39-$C$9 -> 65.35 | N39: =F39 -> 3495.4194 | O39: =H39 -> 3562.7417 | P39: 21 | Q39: =PI()/4*((N39/2000)^4-(N39/2000-P39/1000)^4) -> 0.34589301 | R39: 3495.4194 | S39: 21 | T39: =PI()/4*((R39/2000)^4-(R39/2000-S39/1000)^4) -> 0.34589301 | V39: =B39 -> 80.35 | W39: =C39 -> 77.8 | X39: =S39 -> 21 | Y39: =S39 -> 21 | Z39: =R39 -> 3495.4194 | AA39: =Z39-X39 -> 3474.4194 | AB39: =Z38 -> 3562.7417 | AC39: =AB39-Y39 -> 3541.7417 | AF39: =PI()*(Z39+AA39)/2000*(X39/1000)*(V39-W39)*7850 -> 4602.2663 | AI39: 80.35 | AJ39: 77.8 | AK39: 21 | AL39: 21 | AM39: 3715.2663 | AN39: 3673.2663 | AO39: 3858.3262 | AP39: 3816.3262 | AT39: 31 | AU39: =IF('20251110-불일치 수정'!F39=AM39,"-","CHANGE") -> - | AV39: =IF('20251110-불일치 수정'!G39=AN39,"-","CHANGE") -> - | AW39: =IF('20251110-불일치 수정'!H39=AO39,"-","CHANGE") -> - | AX39: =IF('20251110-불일치 수정'!I39=AP39,"-","CHANGE") -> -
B40: 82.9 | C40: 80.35 | D40: 20 | E40: 20 | F40: 3428.0972 | G40: 3388.0972 | H40: 3495.4194 | I40: 3455.4194 | L40: =PI()*(F40+G40)/2000*(D40/1000)*(B40-C40)*7850 -> 4286.4886 | M40: =B40-$C$9 -> 67.9 | N40: =F40 -> 3428.0972 | O40: =H40 -> 3495.4194 | P40: 20 | Q40: =PI()/4*((N40/2000)^4-(N40/2000-P40/1000)^4) -> 0.31091433 | R40: 3428.0972 | S40: 20 | T40: =PI()/4*((R40/2000)^4-(R40/2000-S40/1000)^4) -> 0.31091433 | V40: =B40 -> 82.9 | W40: =C40 -> 80.35 | X40: =S40 -> 20 | Y40: =S40 -> 20 | Z40: =R40 -> 3428.0972 | AA40: =Z40-X40 -> 3408.0972 | AB40: =Z39 -> 3495.4194 | AC40: =AB40-Y40 -> 3475.4194 | AF40: =PI()*(Z40+AA40)/2000*(X40/1000)*(V40-W40)*7850 -> 4299.066 | AI40: 82.9 | AJ40: 80.35 | AK40: 20 | AL40: 20 | AM40: 3572.2065 | AN40: 3532.2065 | AO40: 3715.2663 | AP40: 3675.2663 | AT40: 32 | AU40: =IF('20251110-불일치 수정'!F40=AM40,"-","CHANGE") -> - | AV40: =IF('20251110-불일치 수정'!G40=AN40,"-","CHANGE") -> - | AW40: =IF('20251110-불일치 수정'!H40=AO40,"-","CHANGE") -> - | AX40: =IF('20251110-불일치 수정'!I40=AP40,"-","CHANGE") -> -
B41: 85.226 | C41: 82.9 | D41: 19 | E41: 19 | F41: 3366.6887 | G41: 3328.6887 | H41: 3428.0972 | I41: 3390.0972 | L41: =PI()*(F41+G41)/2000*(D41/1000)*(B41-C41)*7850 -> 3648.6139 | M41: =B41-$C$9 -> 70.226 | N41: =F41 -> 3366.6887 | O41: =H41 -> 3428.0972 | P41: 19 | Q41: =PI()/4*((N41/2000)^4-(N41/2000-P41/1000)^4) -> 0.27993852 | R41: 3366.6887 | S41: 19 | T41: =PI()/4*((R41/2000)^4-(R41/2000-S41/1000)^4) -> 0.27993852 | V41: =B41 -> 85.226 | W41: =C41 -> 82.9 | X41: =S41 -> 19 | Y41: =S41 -> 19 | Z41: =R41 -> 3366.6887 | AA41: =Z41-X41 -> 3347.6887 | AB41: =Z40 -> 3428.0972 | AC41: =AB41-Y41 -> 3409.0972 | AF41: =PI()*(Z41+AA41)/2000*(X41/1000)*(V41-W41)*7850 -> 3658.9678 | AI41: 85.226 | AJ41: 82.9 | AK41: 19 | AL41: 19 | AM41: 3441.7134 | AN41: 3403.7134 | AO41: 3572.2065 | AP41: 3534.2065 | AT41: 33 | AU41: =IF('20251110-불일치 수정'!F41=AM41,"-","CHANGE") -> - | AV41: =IF('20251110-불일치 수정'!G41=AN41,"-","CHANGE") -> - | AW41: =IF('20251110-불일치 수정'!H41=AO41,"-","CHANGE") -> - | AX41: =IF('20251110-불일치 수정'!I41=AP41,"-","CHANGE") -> -
B42: 87.552 | C42: 85.226 | D42: 18 | E42: 18 | F42: 3305.2802 | G42: 3269.2802 | H42: 3366.6887 | I42: 3330.6887 | L42: =PI()*(F42+G42)/2000*(D42/1000)*(B42-C42)*7850 -> 3394.2081 | M42: =B42-$C$9 -> 72.552 | N42: =F42 -> 3305.2802 | O42: =H42 -> 3366.6887 | P42: 18 | Q42: =PI()/4*((N42/2000)^4-(N42/2000-P42/1000)^4) -> 0.25110512 | R42: 3305.2802 | S42: 18 | T42: =PI()/4*((R42/2000)^4-(R42/2000-S42/1000)^4) -> 0.25110512 | V42: =B42 -> 87.552 | W42: =C42 -> 85.226 | X42: =S42 -> 18 | Y42: =S42 -> 18 | Z42: =R42 -> 3305.2802 | AA42: =Z42-X42 -> 3287.2802 | AB42: =Z41 -> 3366.6887 | AC42: =AB42-Y42 -> 3348.6887 | AF42: =PI()*(Z42+AA42)/2000*(X42/1000)*(V42-W42)*7850 -> 3403.5009 | AI42: 87.552 | AJ42: 85.226 | AK42: 18 | AL42: 18 | AM42: 3311.2204 | AN42: 3275.2204 | AO42: 3441.7134 | AP42: 3405.7134 | AT42: 34 | AU42: =IF('20251110-불일치 수정'!F42=AM42,"-","CHANGE") -> - | AV42: =IF('20251110-불일치 수정'!G42=AN42,"-","CHANGE") -> - | AW42: =IF('20251110-불일치 수정'!H42=AO42,"-","CHANGE") -> - | AX42: =IF('20251110-불일치 수정'!I42=AP42,"-","CHANGE") -> -
B43: 87.777 | C43: 87.552 | D43: 18 | E43: 18 | F43: 3300 | G43: 3264 | H43: 3305.2802 | I43: 3269.2802 | J43: L-FLG | K43: 1529.35 | M43: =B43-$C$9 -> 72.777 | N43: =F43 -> 3300 | O43: =H43 -> 3305.2802 | P43: 18 | Q43: =PI()/4*((N43/2000)^4-(N43/2000-P43/1000)^4) -> 0.24989708 | R43: 3300 | S43: 18 | T43: =PI()/4*((R43/2000)^4-(R43/2000-S43/1000)^4) -> 0.24989708 | V43: =B43 -> 87.777 | W43: =C43 -> 87.552 | X43: =S43 -> 18 | Y43: =S43 -> 18 | Z43: =R43 -> 3300 | AA43: =Z43-X43 -> 3282 | AB43: =Z42 -> 3305.2802 | AC43: =AB43-Y43 -> 3287.2802 | AD43: L-FLG | AE43: 1529.35 | AI43: 87.752 | AJ43: 87.552 | AK43: 18 | AL43: 18 | AM43: 3300 | AN43: 3264 | AO43: 3311.2204 | AP43: 3275.2204 | AQ43: L-FLG | AR43: 1529.35 | AT43: 35 | AU43: =IF('20251110-불일치 수정'!F43=AM43,"-","CHANGE") -> - | AV43: =IF('20251110-불일치 수정'!G43=AN43,"-","CHANGE") -> - | AW43: =IF('20251110-불일치 수정'!H43=AO43,"-","CHANGE") -> - | AX43: =IF('20251110-불일치 수정'!I43=AP43,"-","CHANGE") -> -
K44: =SUM(K9:K43) -> 20891.724 | L44: =SUM(L9:L43) -> 217680.48 | AE44: =SUM(AE9:AE43) -> 20891.724 | AF44: =SUM(AF9:AF43) -> 194963.68
L45: =K44+L44 -> 238572.2 | AE45: Total | AF45: =AE44+AF44 -> 215855.41 | AR45: Total

Sheet 20251110-불일치 수정
B2: 부유식 모델 2차_251110 - 일부 불일치 수정 (Inner dia 불일치)
B3: Upper | C3: Lower | D3: Upper | E3: Lower | F3: Upper | G3: Upper | H3: Lower | I3: Lower | J3: Flange | K3: Flange
B4: height | C4: height | D4: Wall | E4: Wall | F4: outside | G4: inside | H4: outside | I4: inside | J4: Location | K4: Mass
B5: above | C5: above | D5: thick- | E5: thick- | F5: diameter, | G5: diameter, | H5: diameter, | I5: diameter,
B6: ground, | C6: ground, | D6: ness, | E6: ness, | F6: DO,i_UPR | G6: DI,i_UPR | H6: DO,i_LWR | I6: DI,i_LWR
B7: Hi_UPR | C7: Hi_LWR | D7: ti | E7: ti | L7: 무게
B8: [m] | C8: [m] | D8: [mm] | E8: [mm] | F8: [m] | G8: [m] | H8: [m] | I8: [m] | J8: [-] | K8: [kg] | L8: kg
B9: 15.3 | C9: 15 | D9: 36 | E9: 36 | F9: 5000 | G9: =F9-2*D9 -> 4928 | H9: 5000 | I9: =H9-2*E9 -> 4928 | J9: L-FLG | K9: 7439.1662 | L9: =1/3*PI()*(B9-C9)*((F9/2000)^2+(F9/2000*H9/2000)+(H9/2000)^2-((G9/2000)^2+(G9/2000*I9/2000)+(I9/2000)^2))*7850 -> 1322.1327
B10: 17.4 | C10: 15.3 | D10: 35 | E10: 35 | F10: 5000 | G10: =F10-2*D10 -> 4930 | H10: 5000 | I10: =H10-2*E10 -> 4930 | L10: =1/3*PI()*(B10-C10)*((F10/2000)^2+(F10/2000*H10/2000)+(H10/2000)^2-((G10/2000)^2+(G10/2000*I10/2000)+(I10/2000)^2))*7850 -> 8999.6604
B11: 19.5 | C11: 17.4 | D11: 34 | E11: 34 | F11: 5000 | G11: =F11-2*D11 -> 4932 | H11: 5000 | I11: =H11-2*E11 -> 4932 | L11: =1/3*PI()*(B11-C11)*((F11/2000)^2+(F11/2000*H11/2000)+(H11/2000)^2-((G11/2000)^2+(G11/2000*I11/2000)+(I11/2000)^2))*7850 -> 8744.2881
B12: 21.6 | C12: 19.5 | D12: 34 | E12: 34 | F12: 5000 | G12: =F12-2*D12 -> 4932 | H12: 5000 | I12: =H12-2*E12 -> 4932 | L12: =1/3*PI()*(B12-C12)*((F12/2000)^2+(F12/2000*H12/2000)+(H12/2000)^2-((G12/2000)^2+(G12/2000*I12/2000)+(I12/2000)^2))*7850 -> 8744.2881
B13: 23.7 | C13: 21.6 | D13: 34 | E13: 34 | F13: 5000 | G13: =F13-2*D13 -> 4932 | H13: 5000 | I13: =H13-2*E13 -> 4932 | L13: =1/3*PI()*(B13-C13)*((F13/2000)^2+(F13/2000*H13/2000)+(H13/2000)^2-((G13/2000)^2+(G13/2000*I13/2000)+(I13/2000)^2))*7850 -> 8744.2881
B14: 25.8 | C14: 23.7 | D14: 33 | E14: 33 | F14: 5000 | G14: =F14-2*D14 -> 4934 | H14: 5000 | I14: =H14-2*E14 -> 4934 | L14: =1/3*PI()*(B14-C14)*((F14/2000)^2+(F14/2000*H14/2000)+(H14/2000)^2-((G14/2000)^2+(G14/2000*I14/2000)+(I14/2000)^2))*7850 -> 8488.8122
B15: 28.4 | C15: 25.8 | D15: 32 | E15: 32 | F15: 5000 | G15: =F15-2*D15 -> 4936 | H15: 5000 | I15: =H15-2*E15 -> 4936 | L15: =1/3*PI()*(B15-C15)*((F15/2000)^2+(F15/2000*H15/2000)+(H15/2000)^2-((G15/2000)^2+(G15/2000*I15/2000)+(I15/2000)^2))*7850 -> 10193.526
B16: 31 | C16: 28.4 | D16: 31 | E16: 31 | F16: 5000 | G16: =F16-2*D16 -> 4938 | H16: 5000 | I16: =H16-2*E16 -> 4938 | L16: =1/3*PI()*(B16-C16)*((F16/2000)^2+(F16/2000*H16/2000)+(H16/2000)^2-((G16/2000)^2+(G16/2000*I16/2000)+(I16/2000)^2))*7850 -> 9876.9662
B17: 33.6 | C17: 31 | D17: 31 | E17: 31 | F17: 5000 | G17: =F17-2*D17 -> 4938 | H17: 5000 | I17: =H17-2*E17 -> 4938 | L17: =1/3*PI()*(B17-C17)*((F17/2000)^2+(F17/2000*H17/2000)+(H17/2000)^2-((G17/2000)^2+(G17/2000*I17/2000)+(I17/2000)^2))*7850 -> 9876.9662
B18: 36.2 | C18: 33.6 | D18: 30 | E18: 30 | F18: 5000 | G18: =F18-2*D18 -> 4940 | H18: 5000 | I18: =H18-2*E18 -> 4940 | L18: =1/3*PI()*(B18-C18)*((F18/2000)^2+(F18/2000*H18/2000)+(H18/2000)^2-((G18/2000)^2+(G18/2000*I18/2000)+(I18/2000)^2))*7850 -> 9560.278
B19: 38.75 | C19: 36.2 | D19: 29 | E19: 29 | F19: 5000 | G19: =F19-2*D19 -> 4942 | H19: 5000 | I19: =H19-2*E19 -> 4942 | L19: =1/3*PI()*(B19-C19)*((F19/2000)^2+(F19/2000*H19/2000)+(H19/2000)^2-((G19/2000)^2+(G19/2000*I19/2000)+(I19/2000)^2))*7850 -> 9065.7027
B20: 39 | C20: 38.75 | D20: 29 | E20: 29 | F20: 5000 | G20: =F20-2*D20 -> 4942 | H20: 5000 | I20: =H20-2*E20 -> 4942 | J20: L-FLG | K20: 3441.0786 | L20: =1/3*PI()*(B20-C20)*((F20/2000)^2+(F20/2000*H20/2000)+(H20/2000)^2-((G20/2000)^2+(G20/2000*I20/2000)+(I20/2000)^2))*7850 -> 888.79438
B21: 39.25 | C21: 39 | D21: 28 | E21: 28 | F21: 5000 | G21: =F21-2*D21 -> 4944 | H21: 5000 | I21: =H21-2*E21 -> 4944 | J21: L-FLG | K21: 3441.0786 | L21: =1/3*PI()*(B21-C21)*((F21/2000)^2+(F21/2000*H21/2000)+(H21/2000)^2-((G21/2000)^2+(G21/2000*I21/2000)+(I21/2000)^2))*7850 -> 858.31893
B22: 41.75 | C22: 39.25 | D22: 28 | E22: 28 | F22: 5000 | G22: =F22-2*D22 -> 4944 | H22: 5000 | I22: =H22-2*E22 -> 4944 | L22: =1/3*PI()*(B22-C22)*((F22/2000)^2+(F22/2000*H22/2000)+(H22/2000)^2-((G22/2000)^2+(G22/2000*I22/2000)+(I22/2000)^2))*7850 -> 8583.1893
B23: 44.3 | C23: 41.75 | D23: 27 | E23: 27 | F23: 5000 | G23: =F23-2*D23 -> 4946 | H23: 5000 | I23: =H23-2*E23 -> 4946 | L23: =1/3*PI()*(B23-C23)*((F23/2000)^2+(F23/2000*H23/2000)+(H23/2000)^2-((G23/2000)^2+(G23/2000*I23/2000)+(I23/2000)^2))*7850 -> 8443.8777
B24: 46.85 | C24: 44.3 | D24: 26 | E24: 26 | F24: 5000 | G24: =F24-2*D24 -> 4948 | H24: 5000 | I24: =H24-2*E24 -> 4948 | L24: =1/3*PI()*(B24-C24)*((F24/2000)^2+(F24/2000*H24/2000)+(H24/2000)^2-((G24/2000)^2+(G24/2000*I24/2000)+(I24/2000)^2))*7850 -> 8132.7765
B25: 49.4 | C25: 46.85 | D25: 26 | E25: 26 | F25: 5000 | G25: =F25-2*D25 -> 4948 | H25: 5000 | I25: =H25-2*E25 -> 4948 | L25: =1/3*PI()*(B25-C25)*((F25/2000)^2+(F25/2000*H25/2000)+(H25/2000)^2-((G25/2000)^2+(G25/2000*I25/2000)+(I25/2000)^2))*7850 -> 8132.7765
B26: 51.95 | C26: 49.4 | D26: 25 | E26: 25 | F26: 5000 | G26: =F26-2*D26 -> 4950 | H26: 5000 | I26: =H26-2*E26 -> 4950 | L26: =1/3*PI()*(B26-C26)*((F26/2000)^2+(F26/2000*H26/2000)+(H26/2000)^2-((G26/2000)^2+(G26/2000*I26/2000)+(I26/2000)^2))*7850 -> 7821.5496
B27: 54.5 | C27: 51.95 | D27: 24 | E27: 24 | F27: 5000 | G27: =F27-2*D27 -> 4952 | H27: 5000 | I27: =H27-2*E27 -> 4952 | L27: =1/3*PI()*(B27-C27)*((F27/2000)^2+(F27/2000*H27/2000)+(H27/2000)^2-((G27/2000)^2+(G27/2000*I27/2000)+(I27/2000)^2))*7850 -> 7510.1969
B28: 57 | C28: 54.5 | D28: 23 | E28: 23 | F28: 5000 | G28: =F28-2*D28 -> 4954 | H28: 5000 | I28: =H28-2*E28 -> 4954 | L28: =1/3*PI()*(B28-C28)*((F28/2000)^2+(F28/2000*H28/2000)+(H28/2000)^2-((G28/2000)^2+(G28/2000*I28/2000)+(I28/2000)^2))*7850 -> 7057.5671
B29: 57.225 | C29: 57 | D29: 22 | E29: 22 | F29: 5000 | G29: =F29-2*D29 -> 4956 | H29: 5000 | I29: =H29-2*E29 -> 4956 | J29: L-FLG | K29: 3146.132 | L29: =1/3*PI()*(B29-C29)*((F29/2000)^2+(F29/2000*H29/2000)+(H29/2000)^2-((G29/2000)^2+(G29/2000*I29/2000)+(I29/2000)^2))*7850 -> 607.68655
B30: 57.45 | C30: 57.225 | D30: 22 | E30: 22 | F30: 5000 | G30: =F30-2*D30 -> 4956 | H30: 5000 | I30: =H30-2*E30 -> 4956 | J30: L-FLG | K30: 3146.132 | L30: =1/3*PI()*(B30-C30)*((F30/2000)^2+(F30/2000*H30/2000)+(H30/2000)^2-((G30/2000)^2+(G30/2000*I30/2000)+(I30/2000)^2))*7850 -> 607.68655
B31: 59.95 | C31: 57.45 | D31: 22 | E31: 22 | F31: 4859.7452 | G31: =F31-2*D31 -> 4815.7452 | H31: 5000 | I31: =H31-2*E31 -> 4956 | L31: =1/3*PI()*(B31-C31)*((F31/2000)^2+(F31/2000*H31/2000)+(H31/2000)^2-((G31/2000)^2+(G31/2000*I31/2000)+(I31/2000)^2))*7850 -> 6656.9532
B32: 62.5 | C32: 59.95 | D32: 22 | E32: 22 | F32: 4716.6854 | G32: =F32-2*D32 -> 4672.6854 | H32: 4859.7452 | I32: =H32-2*E32 -> 4815.7452 | L32: =1/3*PI()*(B32-C32)*((F32/2000)^2+(F32/2000*H32/2000)+(H32/2000)^2-((G32/2000)^2+(G32/2000*I32/2000)+(I32/2000)^2))*7850 -> 6594.1079
B33: 65.05 | C33: 62.5 | D33: 22 | E33: 22 | F33: 4573.6255 | G33: =F33-2*D33 -> 4529.6255 | H33: 4716.6854 | I33: =H33-2*E33 -> 4672.6854 | L33: =1/3*PI()*(B33-C33)*((F33/2000)^2+(F33/2000*H33/2000)+(H33/2000)^2-((G33/2000)^2+(G33/2000*I33/2000)+(I33/2000)^2))*7850 -> 6396.1831
B34: 67.6 | C34: 65.05 | D34: 23 | E34: 23 | F34: 4430.5656 | G34: =F34-2*D34 -> 4384.5656 | H34: 4573.6255 | I34: =H34-2*E34 -> 4527.6255 | L34: =1/3*PI()*(B34-C34)*((F34/2000)^2+(F34/2000*H34/2000)+(H34/2000)^2-((G34/2000)^2+(G34/2000*I34/2000)+(I34/2000)^2))*7850 -> 6478.5509
B35: 70.15 | C35: 67.6 | D35: 25 | E35: 25 | F35: 4287.5058 | G35: =F35-2*D35 -> 4237.5058 | H35: 4430.5656 | I35: =H35-2*E35 -> 4380.5656 | L35: =1/3*PI()*(B35-C35)*((F35/2000)^2+(F35/2000*H35/2000)+(H35/2000)^2-((G35/2000)^2+(G35/2000*I35/2000)+(I35/2000)^2))*7850 -> 6813.8443
B36: 72.7 | C36: 70.15 | D36: 24 | E36: 24 | F36: 4144.4459 | G36: =F36-2*D36 -> 4096.4459 | H36: 4287.5058 | I36: =H36-2*E36 -> 4239.5058 | L36: =1/3*PI()*(B36-C36)*((F36/2000)^2+(F36/2000*H36/2000)+(H36/2000)^2-((G36/2000)^2+(G36/2000*I36/2000)+(I36/2000)^2))*7850 -> 6326.8818
B37: 75.25 | C37: 72.7 | D37: 23 | E37: 23 | F37: 4001.386 | G37: =F37-2*D37 -> 3955.386 | H37: 4144.4459 | I37: =H37-2*E37 -> 4098.4459 | L37: =1/3*PI()*(B37-C37)*((F37/2000)^2+(F37/2000*H37/2000)+(H37/2000)^2-((G37/2000)^2+(G37/2000*I37/2000)+(I37/2000)^2))*7850 -> 5857.7868
B38: 77.8 | C38: 75.25 | D38: 23 | E38: 23 | F38: 3858.3262 | G38: =F38-2*D38 -> 3812.3262 | H38: 4001.386 | I38: =H38-2*E38 -> 3955.386 | L38: =1/3*PI()*(B38-C38)*((F38/2000)^2+(F38/2000*H38/2000)+(H38/2000)^2-((G38/2000)^2+(G38/2000*I38/2000)+(I38/2000)^2))*7850 -> 5650.8654
B39: 80.35 | C39: 77.8 | D39: 21 | E39: 21 | F39: 3715.2663 | G39: =F39-2*D39 -> 3673.2663 | H39: 3858.3262 | I39: =H39-2*E39 -> 3816.3262 | L39: =1/3*PI()*(B39-C39)*((F39/2000)^2+(F39/2000*H39/2000)+(H39/2000)^2-((G39/2000)^2+(G39/2000*I39/2000)+(I39/2000)^2))*7850 -> 4973.1988
B40: 82.9 | C40: 80.35 | D40: 20 | E40: 20 | F40: 3572.2065 | G40: =F40-2*D40 -> 3532.2065 | H40: 3715.2663 | I40: =H40-2*E40 -> 3675.2663 | L40: =1/3*PI()*(B40-C40)*((F40/2000)^2+(F40/2000*H40/2000)+(H40/2000)^2-((G40/2000)^2+(G40/2000*I40/2000)+(I40/2000)^2))*7850 -> 4557.706
B41: 85.226 | C41: 82.9 | D41: 19 | E41: 19 | F41: 3441.7134 | G41: =F41-2*D41 -> 3403.7134 | H41: 3572.2065 | I41: =H41-2*E41 -> 3534.2065 | L41: =1/3*PI()*(B41-C41)*((F41/2000)^2+(F41/2000*H41/2000)+(H41/2000)^2-((G41/2000)^2+(G41/2000*I41/2000)+(I41/2000)^2))*7850 -> 3801.4942
B42: 87.552 | C42: 85.226 | D42: 18 | E42: 18 | F42: 3311.2204 | G42: =F42-2*D42 -> 3275.2204 | H42: 3441.7134 | I42: =H42-2*E42 -> 3405.7134 | L42: =1/3*PI()*(B42-C42)*((F42/2000)^2+(F42/2000*H42/2000)+(H42/2000)^2-((G42/2000)^2+(G42/2000*I42/2000)+(I42/2000)^2))*7850 -> 3467.7104
B43: 87.777 | C43: 87.552 | D43: 18 | E43: 18 | F43: 3300 | G43: =F43-2*D43 -> 3264 | H43: 3311.2204 | I43: =H43-2*E43 -> 3275.2204 | J43: L-FLG | K43: 1529.35 | L43: =1/3*PI()*(B43-C43)*((F43/2000)^2+(F43/2000*H43/2000)+(H43/2000)^2-((G43/2000)^2+(G43/2000*I43/2000)+(I43/2000)^2))*7850 -> 328.3635
K45: Total | L45: =SUM(L9:L43) -> 220164.97

Sheet 20260403-2차 ILA 검토
B2: 부유식 모델 260403 - 2차 ILA 반영 (ULS, ALS)
B3: Upper | C3: Lower | D3: Upper | E3: Lower | F3: Upper | G3: Upper | H3: Lower | I3: Lower | J3: Flange | K3: Flange | L3: Shell | M3: Total
B4: height | C4: height | D4: Wall | E4: Wall | F4: outside | G4: inside | H4: outside | I4: inside | J4: Location | K4: Mass | L4: Mass | M4: Mass
B5: above | C5: above | D5: thick- | E5: thick- | F5: diameter, | G5: diameter, | H5: diameter, | I5: diameter,
B6: ground, | C6: ground, | D6: ness, | E6: ness, | F6: DO,i_UPR | G6: DI,i_UPR | H6: DO,i_LWR | I6: DI,i_LWR
B7: Hi_UPR | C7: Hi_LWR | D7: ti | E7: ti | L7: Shell 무게 | M7: Total | O7: JointID | P7: JointXss | Q7: JointYss | R7: JointZss | S7: JointType | T7: JointDirX | U7: JointDirY | V7: JointDirZ | W7: JointStiff | X7: ![Coordinates | Y7: of
B8: [m] | C8: [m] | D8: [mm] | E8: [mm] | F8: [m] | G8: [m] | H8: [m] | I8: [m] | J8: [-] | K8: [kg] | L8: [kg] | M8: [kg] | P8: (-) | Q8: (m) | R8: (m) | S8: (m) | T8: (-) | U8: (-) | V8: (-) | W8: (-) | X8: (Nm/rad)
B9: 26.3 | C9: 26 | D9: 63 | E9: =D9 -> 63 | F9: 5126 | G9: 5000 | H9: 5126 | I9: 5000 | J9: L-FLG | K9: 9670.9089 | L9: =1/3*PI()*(B9-C9)*((F9/2000)^2+(F9/2000*H9/2000)+(H9/2000)^2-((G9/2000)^2+(G9/2000*I9/2000)+(I9/2000)^2))*7850 -> 2359.8764 | M9: Section 1
B10: 28.8 | C10: 26.3 | D10: 63 | E10: =D10 -> 63 | F10: 5126 | G10: 5000 | H10: 5126 | I10: 5000 | L10: =1/3*PI()*(B10-C10)*((F10/2000)^2+(F10/2000*H10/2000)+(H10/2000)^2-((G10/2000)^2+(G10/2000*I10/2000)+(I10/2000)^2))*7850 -> 19665.637
B11: 31.3 | C11: 28.8 | D11: 63 | E11: =D11 -> 63 | F11: 5126 | G11: 5000 | H11: 5126 | I11: 5000 | L11: =1/3*PI()*(B11-C11)*((F11/2000)^2+(F11/2000*H11/2000)+(H11/2000)^2-((G11/2000)^2+(G11/2000*I11/2000)+(I11/2000)^2))*7850 -> 19665.637
B12: 33.6 | C12: 31.3 | D12: 50 | E12: =D12 -> 50 | F12: 5100 | G12: 5000 | H12: 5100 | I12: 5000 | L12: =1/3*PI()*(B12-C12)*((F12/2000)^2+(F12/2000*H12/2000)+(H12/2000)^2-((G12/2000)^2+(G12/2000*I12/2000)+(I12/2000)^2))*7850 -> 14322.167
B13: 35.9 | C13: 33.6 | D13: 43 | E13: =D13 -> 43 | F13: 5086 | G13: 5000 | H13: 5086 | I13: 5000 | L13: =1/3*PI()*(B13-C13)*((F13/2000)^2+(F13/2000*H13/2000)+(H13/2000)^2-((G13/2000)^2+(G13/2000*I13/2000)+(I13/2000)^2))*7850 -> 12299.991
B14: 38.2 | C14: 35.9 | D14: 40 | E14: =D14 -> 40 | F14: 5080 | G14: 5000 | H14: 5080 | I14: 5000 | L14: =1/3*PI()*(B14-C14)*((F14/2000)^2+(F14/2000*H14/2000)+(H14/2000)^2-((G14/2000)^2+(G14/2000*I14/2000)+(I14/2000)^2))*7850 -> 11435.045
B15: 40.5 | C15: 38.2 | D15: 38 | E15: =D15 -> 38 | F15: 5076 | G15: 5000 | H15: 5076 | I15: 5000 | L15: =1/3*PI()*(B15-C15)*((F15/2000)^2+(F15/2000*H15/2000)+(H15/2000)^2-((G15/2000)^2+(G15/2000*I15/2000)+(I15/2000)^2))*7850 -> 10858.982
B16: 42.8 | C16: 40.5 | D16: 37 | E16: =D16 -> 37 | F16: 5074 | G16: 5000 | H16: 5074 | I16: 5000 | L16: =1/3*PI()*(B16-C16)*((F16/2000)^2+(F16/2000*H16/2000)+(H16/2000)^2-((G16/2000)^2+(G16/2000*I16/2000)+(I16/2000)^2))*7850 -> 10571.121
B17: 45.1 | C17: 42.8 | D17: 36 | E17: =D17 -> 36 | F17: 5072 | G17: 5000 | H17: 5072 | I17: 5000 | L17: =1/3*PI()*(B17-C17)*((F17/2000)^2+(F17/2000*H17/2000)+(H17/2000)^2-((G17/2000)^2+(G17/2000*I17/2000)+(I17/2000)^2))*7850 -> 10283.373
B18: 47.4 | C18: 45.1 | D18: 35 | E18: =D18 -> 35 | F18: 5070 | G18: 5000 | H18: 5070 | I18: 5000 | L18: =1/3*PI()*(B18-C18)*((F18/2000)^2+(F18/2000*H18/2000)+(H18/2000)^2-((G18/2000)^2+(G18/2000*I18/2000)+(I18/2000)^2))*7850 -> 9995.7385
B19: 49.75 | C19: 47.4 | D19: 33 | E19: =D19 -> 33 | F19: 5066 | G19: 5000 | H19: 5066 | I19: 5000 | L19: =1/3*PI()*(B19-C19)*((F19/2000)^2+(F19/2000*H19/2000)+(H19/2000)^2-((G19/2000)^2+(G19/2000*I19/2000)+(I19/2000)^2))*7850 -> 9625.61
B20: 50 | C20: 49.75 | D20: 33 | E20: =D20 -> 33 | F20: 5066 | G20: 5000 | H20: 5066 | I20: 5000 | J20: L-FLG | K20: 3984.0361 | L20: =1/3*PI()*(B20-C20)*((F20/2000)^2+(F20/2000*H20/2000)+(H20/2000)^2-((G20/2000)^2+(G20/2000*I20/2000)+(I20/2000)^2))*7850 -> 1024.0011 | M20: =SUM(K9:L20) -> 145762.12
B21: 50.25 | C21: 50 | D21: 33 | E21: =D21 -> 33 | F21: 5066 | G21: 5000 | H21: 5066 | I21: 5000 | J21: L-FLG | K21: 3984.0361 | L21: =1/3*PI()*(B21-C21)*((F21/2000)^2+(F21/2000*H21/2000)+(H21/2000)^2-((G21/2000)^2+(G21/2000*I21/2000)+(I21/2000)^2))*7850 -> 1024.0011 | M21: Section 2
B22: 52.75 | C22: 50.25 | D22: 33 | E22: =D22 -> 33 | F22: 5066 | G22: 5000 | H22: 5066 | I22: 5000 | L22: =1/3*PI()*(B22-C22)*((F22/2000)^2+(F22/2000*H22/2000)+(H22/2000)^2-((G22/2000)^2+(G22/2000*I22/2000)+(I22/2000)^2))*7850 -> 10240.011
B23: 55.3 | C23: 52.75 | D23: 29 | E23: =D23 -> 29 | F23: 5066 | G23: 5008 | H23: 5066 | I23: 5008 | L23: =1/3*PI()*(B23-C23)*((F23/2000)^2+(F23/2000*H23/2000)+(H23/2000)^2-((G23/2000)^2+(G23/2000*I23/2000)+(I23/2000)^2))*7850 -> 9186.0681
B24: 57.85 | C24: 55.3 | D24: 28 | E24: =D24 -> 28 | F24: 5066 | G24: 5010 | H24: 5066 | I24: 5010 | L24: =1/3*PI()*(B24-C24)*((F24/2000)^2+(F24/2000*H24/2000)+(H24/2000)^2-((G24/2000)^2+(G24/2000*I24/2000)+(I24/2000)^2))*7850 -> 8871.0679
B25: 60.4 | C25: 57.85 | D25: 27 | E25: =D25 -> 27 | F25: 5066 | G25: 5012 | H25: 5066 | I25: 5012 | L25: =1/3*PI()*(B25-C25)*((F25/2000)^2+(F25/2000*H25/2000)+(H25/2000)^2-((G25/2000)^2+(G25/2000*I25/2000)+(I25/2000)^2))*7850 -> 8555.942
B26: 62.95 | C26: 60.4 | D26: 26 | E26: =D26 -> 26 | F26: 5066 | G26: 5014 | H26: 5066 | I26: 5014 | L26: =1/3*PI()*(B26-C26)*((F26/2000)^2+(F26/2000*H26/2000)+(H26/2000)^2-((G26/2000)^2+(G26/2000*I26/2000)+(I26/2000)^2))*7850 -> 8240.6903
B27: 65.5 | C27: 62.95 | D27: 25 | E27: =D27 -> 25 | F27: 5066 | G27: 5016 | H27: 5066 | I27: 5016 | L27: =1/3*PI()*(B27-C27)*((F27/2000)^2+(F27/2000*H27/2000)+(H27/2000)^2-((G27/2000)^2+(G27/2000*I27/2000)+(I27/2000)^2))*7850 -> 7925.3129
B28: 68 | C28: 65.5 | D28: 24 | E28: =D28 -> 24 | F28: 5066 | G28: 5018 | H28: 5066 | I28: 5018 | L28: =1/3*PI()*(B28-C28)*((F28/2000)^2+(F28/2000*H28/2000)+(H28/2000)^2-((G28/2000)^2+(G28/2000*I28/2000)+(I28/2000)^2))*7850 -> 7460.5977
B29: 68.225 | C29: 68 | D29: 24 | E29: =D29 -> 24 | F29: 5066 | G29: 5018 | H29: 5066 | I29: 5018 | J29: L-FLG | K29: 3152.4502 | L29: =1/3*PI()*(B29-C29)*((F29/2000)^2+(F29/2000*H29/2000)+(H29/2000)^2-((G29/2000)^2+(G29/2000*I29/2000)+(I29/2000)^2))*7850 -> 671.45379 | M29: =SUM(K21:L29) -> 69311.631
B30: 68.45 | C30: 68.225 | D30: 24 | E30: =D30 -> 24 | F30: 5066 | G30: 5018 | H30: 5066 | I30: 5018 | J30: L-FLG | K30: 3152.4502 | L30: =1/3*PI()*(B30-C30)*((F30/2000)^2+(F30/2000*H30/2000)+(H30/2000)^2-((G30/2000)^2+(G30/2000*I30/2000)+(I30/2000)^2))*7850 -> 671.45379 | M30: Section 3
B31: 70.95 | C31: 68.45 | D31: 24 | E31: =D31 -> 24 | F31: 4920.4202 | G31: 4872.4202 | H31: 5066 | I31: 5018 | L31: =1/3*PI()*(B31-C31)*((F31/2000)^2+(F31/2000*H31/2000)+(H31/2000)^2-((G31/2000)^2+(G31/2000*I31/2000)+(I31/2000)^2))*7850 -> 7352.8912
B32: 73.5 | C32: 70.95 | D32: 20 | E32: =D32 -> 20 | F32: 4771.9287 | G32: 4731.9287 | H32: 4920.4202 | I32: 4880.4202 | L32: =1/3*PI()*(B32-C32)*((F32/2000)^2+(F32/2000*H32/2000)+(H32/2000)^2-((G32/2000)^2+(G32/2000*I32/2000)+(I32/2000)^2))*7850 -> 6070.0563
B33: 76.05 | C33: 73.5 | D33: 20 | E33: =D33 -> 20 | F33: 4623.4373 | G33: 4583.4373 | H33: 4771.9287 | I33: 4731.9287 | L33: =1/3*PI()*(B33-C33)*((F33/2000)^2+(F33/2000*H33/2000)+(H33/2000)^2-((G33/2000)^2+(G33/2000*I33/2000)+(I33/2000)^2))*7850 -> 5883.2932
B34: 78.6 | C34: 76.05 | D34: 19 | E34: =D34 -> 19 | F34: 4474.9458 | G34: 4436.9458 | H34: 4623.4373 | I34: 4585.4373 | L34: =1/3*PI()*(B34-C34)*((F34/2000)^2+(F34/2000*H34/2000)+(H34/2000)^2-((G34/2000)^2+(G34/2000*I34/2000)+(I34/2000)^2))*7850 -> 5412.8984
B35: 81.15 | C35: 78.6 | D35: 19 | E35: =D35 -> 19 | F35: 4326.4544 | G35: 4288.4544 | H35: 4474.9458 | I35: 4436.9458 | L35: =1/3*PI()*(B35-C35)*((F35/2000)^2+(F35/2000*H35/2000)+(H35/2000)^2-((G35/2000)^2+(G35/2000*I35/2000)+(I35/2000)^2))*7850 -> 5235.4734
B36: 83.7 | C36: 81.15 | D36: 18 | E36: =D36 -> 18 | F36: 4177.9629 | G36: 4141.9629 | H36: 4326.4544 | I36: 4290.4544 | L36: =1/3*PI()*(B36-C36)*((F36/2000)^2+(F36/2000*H36/2000)+(H36/2000)^2-((G36/2000)^2+(G36/2000*I36/2000)+(I36/2000)^2))*7850 -> 4792.9674
B37: 86.25 | C37: 83.7 | D37: 18 | E37: =D37 -> 18 | F37: 4029.4715 | G37: 3993.4715 | H37: 4177.9629 | I37: 4141.9629 | L37: =1/3*PI()*(B37-C37)*((F37/2000)^2+(F37/2000*H37/2000)+(H37/2000)^2-((G37/2000)^2+(G37/2000*I37/2000)+(I37/2000)^2))*7850 -> 4624.8805
B38: 88.8 | C38: 86.25 | D38: 17 | E38: =D38 -> 17 | F38: 3880.9801 | G38: 3846.9801 | H38: 4029.4715 | I38: 3995.4715 | L38: =1/3*PI()*(B38-C38)*((F38/2000)^2+(F38/2000*H38/2000)+(H38/2000)^2-((G38/2000)^2+(G38/2000*I38/2000)+(I38/2000)^2))*7850 -> 4210.2632
B39: 91.35 | C39: 88.8 | D39: 17 | E39: =D39 -> 17 | F39: 3732.4886 | G39: 3698.4886 | H39: 3880.9801 | I39: 3846.9801 | L39: =1/3*PI()*(B39-C39)*((F39/2000)^2+(F39/2000*H39/2000)+(H39/2000)^2-((G39/2000)^2+(G39/2000*I39/2000)+(I39/2000)^2))*7850 -> 4051.5145
B40: 93.9 | C40: 91.35 | D40: 17 | E40: =D40 -> 17 | F40: 3583.9972 | G40: 3549.9972 | H40: 3732.4886 | I40: 3698.4886 | L40: =1/3*PI()*(B40-C40)*((F40/2000)^2+(F40/2000*H40/2000)+(H40/2000)^2-((G40/2000)^2+(G40/2000*I40/2000)+(I40/2000)^2))*7850 -> 3892.7658
B41: 96.226 | C41: 93.9 | D41: 17 | E41: =D41 -> 17 | F41: 3448.5497 | G41: 3414.5497 | H41: 3583.9972 | I41: 3549.9972 | L41: =1/3*PI()*(B41-C41)*((F41/2000)^2+(F41/2000*H41/2000)+(H41/2000)^2-((G41/2000)^2+(G41/2000*I41/2000)+(I41/2000)^2))*7850 -> 3412.3694
B42: 98.552 | C42: 96.226 | D42: 18 | E42: =D42 -> 18 | F42: 3313.1022 | G42: 3277.1022 | H42: 3448.5497 | I42: 3412.5497 | L42: =1/3*PI()*(B42-C42)*((F42/2000)^2+(F42/2000*H42/2000)+(H42/2000)^2-((G42/2000)^2+(G42/2000*I42/2000)+(I42/2000)^2))*7850 -> 3472.2112
B43: 98.777 | C43: 98.552 | D43: 18 | E43: =D43 -> 18 | F43: 3300 | G43: 3264 | H43: 3313.1022 | I43: 3277.1022 | J43: L-FLG | K43: 1529.35 | L43: =1/3*PI()*(B43-C43)*((F43/2000)^2+(F43/2000*H43/2000)+(H43/2000)^2-((G43/2000)^2+(G43/2000*I43/2000)+(I43/2000)^2))*7850 -> 328.45747 | M43: =SUM(K30:L43) -> 64093.296
B44: * Section 1 은 삼성중공업 요청에 따라 I.D 5000mm 맞추어 설계 | L44: Total | M44: =M43+M29+M20 -> 279167.05

Sheet 260403_3rdTower
B2: 부유식 모델 260403 - 2차 ILA 반영 (ULS, ALS)
B3: Upper | C3: Lower | D3: Upper | E3: Lower | F3: Upper | G3: Upper | H3: Lower | I3: Lower | J3: Flange | K3: Flange | L3: Shell | M3: Total | O3: Upper | P3: Lower
B4: height | C4: height | D4: Wall | E4: Wall | F4: outside | G4: inside | H4: outside | I4: inside | J4: Location | K4: Mass | L4: Mass | M4: Mass | O4: height | P4: height
B5: above | C5: above | D5: thick- | E5: thick- | F5: diameter, | G5: diameter, | H5: diameter, | I5: diameter, | O5: above | P5: above
B6: ground, | C6: ground, | D6: ness, | E6: ness, | F6: DO,i_UPR | G6: DI,i_UPR | H6: DO,i_LWR | I6: DI,i_LWR | O6: ground, | P6: ground,
B7: Hi_UPR | C7: Hi_LWR | D7: ti | E7: ti | L7: Shell 무게 | M7: Total | O7: Hi_UPR | P7: Hi_LWR | R7: JointID | S7: JointXss | T7: JointYss | U7: JointZss | V7: JointType | W7: JointDirX | X7: JointDirY | Y7: JointDirZ | Z7: JointStiff | AA7: ![Coordinates | AB7: of | AC7: MemberID | AD7: MJointID1 | AE7: MJointID2 | AF7: MPropSetID1 | AG7: MPropSetID2 | AH7: MType | AI7: MSpin/COSMID | AJ7: Weight | AL7: PropSetID | AM7: YoungE | AN7: ShearG | AO7: MatDens | AP7: XsecD | AQ7: XsecT | AS7: CMJointID | AT7: JMass | AU7: JMXX | AV7: JMYY | AW7: JMZZ | AX7: JMXY | AY7: JMXZ | AZ7: JMYZ | BA7: MCGX | BB7: MCGY | BC7: MCGZ
B8: [m] | C8: [m] | D8: [mm] | E8: [mm] | F8: [m] | G8: [m] | H8: [m] | I8: [m] | J8: [-] | K8: [kg] | L8: [kg] | M8: [kg] | O8: [m] | P8: [m] | R8: (-) | S8: (m) | T8: (m) | U8: (m) | V8: (-) | W8: (-) | X8: (-) | Y8: (-) | Z8: (Nm/rad) | AC8: (-) | AD8: (-) | AE8: (-) | AF8: (-) | AG8: (-) | AH8: (-) | AI8: (deg/-) | AJ8: kg | AL8: (-) | AM8: (N/m2) | AN8: (N/m2) | AO8: (kg/m3) | AP8: (m) | AQ8: (m) | AS8: (-) | AT8: (kg) | AU8: (kg*m^2) | AV8: (kg*m^2) | AW8: (kg*m^2) | AX8: (kg*m^2) | AY8: (kg*m^2) | AZ8: (kg*m^2) | BA8: (m) | BB8: (m) | BC8: (m)
A9: 35 | B9: 98.777 | C9: 98.552 | D9: 18 | E9: =D9 -> 18 | F9: 3300 | G9: 3264 | H9: 3313.1022 | I9: 3277.1022 | J9: L-FLG | K9: 1529.35 | L9: =1/3*PI()*(B9-C9)*((F9/2000)^2+(F9/2000*H9/2000)+(H9/2000)^2-((G9/2000)^2+(G9/2000*I9/2000)+(I9/2000)^2))*7850 -> 328.45747 | O9: =B9-14 -> 84.777 | P9: =C9-14 -> 84.552 | R9: 1 | S9: 0 | T9: 0 | U9: =O9-12 -> 72.777 | V9: 1 | W9: 0 | X9: 0 | Y9: 0 | Z9: 0 | AC9: 1 | AD9: =AC9 -> 1 | AE9: =AD9+1 -> 2 | AF9: =AD9 -> 1 | AG9: =AE9 -> 2 | AH9: 1c | AI9: 0 | AJ9: =(U9-U10)*PI()/4*(AP9^2-(AP9-2*AQ9)^2+AP10^2-(AP10-AQ10*2)^2)/2*AO9 -> 335.87598 | AL9: =R9 -> 1 | AM9: 210000000000 | AN9: 80769000000 | AO9: 7850 | AP9: =H9/1000 -> 3.3131022 | AQ9: =(H9-I9)/2/1000 -> 0.018 | AR9: 1 | AS9: =R9 -> 1 | AT9: 74141 | AU9: 25700000 | AV9: 12900000 | AW9: 13000000 | AX9: 0 | AY9: 1010000 | AZ9: 0 | BA9: -4.137 | BB9: 0 | BC9: 2.29
A10: 34 | B10: 98.552 | C10: 96.226 | D10: 18 | E10: =D10 -> 18 | F10: 3313.1022 | G10: 3277.1022 | H10: 3448.5497 | I10: 3412.5497 | L10: =1/3*PI()*(B10-C10)*((F10/2000)^2+(F10/2000*H10/2000)+(H10/2000)^2-((G10/2000)^2+(G10/2000*I10/2000)+(I10/2000)^2))*7850 -> 3472.2112 | O10: =B10-14 -> 84.552 | P10: =C10-14 -> 82.226 | R10: =R9+1 -> 2 | S10: 0 | T10: 0 | U10: =O10-12 -> 72.552 | V10: 1 | W10: 0 | X10: 0 | Y10: 0 | Z10: 0 | AC10: =AC9+1 -> 2 | AD10: =AC10 -> 2 | AE10: =AD10+1 -> 3 | AF10: =AD10 -> 2 | AG10: =AE10 -> 3 | AH10: 1c | AI10: 0 | AJ10: =(U10-U11)*PI()/4*(AP10^2-(AP10-2*AQ10)^2+AP11^2-(AP11-AQ11*2)^2)/2*AO10 -> 3510.2745 | AL10: =R10 -> 2 | AM10: 210000000000 | AN10: 80769000000 | AO10: 7850 | AP10: =H10/1000 -> 3.4485497 | AQ10: =(H10-I10)/2/1000 -> 0.018 | AR10: =AR9+1 -> 2 | AS10: 1 | AT10: 125236 | AU10: 275349 | AV10: 1830000 | AW10: 1840000 | AX10: 0 | AY10: 0 | AZ10: 0 | BA10: 1.756 | BB10: 0.044 | BC10: 1.543
A11: 33 | B11: 96.226 | C11: 93.9 | D11: 17 | E11: =D11 -> 17 | F11: 3448.5497 | G11: 3414.5497 | H11: 3583.9972 | I11: 3549.9972 | L11: =1/3*PI()*(B11-C11)*((F11/2000)^2+(F11/2000*H11/2000)+(H11/2000)^2-((G11/2000)^2+(G11/2000*I11/2000)+(I11/2000)^2))*7850 -> 3412.3694 | O11: =B11-14 -> 82.226 | P11: =C11-14 -> 79.9 | R11: 3 | S11: 0 | T11: 0 | U11: =O11-12 -> 70.226 | V11: 1 | W11: 0 | X11: 0 | Y11: 0 | Z11: 0 | AC11: =AC10+1 -> 3 | AD11: =AC11 -> 3 | AE11: =AD11+1 -> 4 | AF11: =AD11 -> 3 | AG11: =AE11 -> 4 | AH11: 1c | AI11: 0 | AJ11: =(U11-U12)*PI()/4*(AP11^2-(AP11-2*AQ11)^2+AP12^2-(AP12-AQ12*2)^2)/2*AO11 -> 3550.8131 | AL11: =R11 -> 3 | AM11: 210000000000 | AN11: 80769000000 | AO11: 7850 | AP11: =H11/1000 -> 3.5839972 | AQ11: =(H11-I11)/2/1000 -> 0.017 | AR11: =AR10+1 -> 3 | AS11: =R9 -> 1 | AT11: =K9 -> 1529.35 | AU11: 0 | AV11: 0 | AW11: 0 | AX11: 0 | AY11: 0 | AZ11: 0 | BA11: 0 | BB11: 0 | BC11: 0
A12: 32 | B12: 93.9 | C12: 91.35 | D12: 17 | E12: =D12 -> 17 | F12: 3583.9972 | G12: 3549.9972 | H12: 3732.4886 | I12: 3698.4886 | L12: =1/3*PI()*(B12-C12)*((F12/2000)^2+(F12/2000*H12/2000)+(H12/2000)^2-((G12/2000)^2+(G12/2000*I12/2000)+(I12/2000)^2))*7850 -> 3892.7658 | O12: =B12-14 -> 79.9 | P12: =C12-14 -> 77.35 | R12: =R11+1 -> 4 | S12: 0 | T12: 0 | U12: =O12-12 -> 67.9 | V12: 1 | W12: 0 | X12: 0 | Y12: 0 | Z12: 0 | AC12: =AC11+1 -> 4 | AD12: =AC12 -> 4 | AE12: =AD12+1 -> 5 | AF12: =AD12 -> 4 | AG12: =AE12 -> 5 | AH12: 1c | AI12: 0 | AJ12: =(U12-U13)*PI()/4*(AP12^2-(AP12-2*AQ12)^2+AP13^2-(AP13-AQ13*2)^2)/2*AO12 -> 4051.5145 | AL12: =R12 -> 4 | AM12: 210000000000 | AN12: 80769000000 | AO12: 7850 | AP12: =H12/1000 -> 3.7324886 | AQ12: =(H12-I12)/2/1000 -> 0.017 | AR12: =AR11+1 -> 4 | AS12: =R22 -> 14 | AT12: =K22 -> 3152.4502 | AU12: 0 | AV12: 0 | AW12: 0 | AX12: 0 | AY12: 0 | AZ12: 0 | BA12: 0 | BB12: 0 | BC12: 0
A13: 31 | B13: 91.35 | C13: 88.8 | D13: 17 | E13: =D13 -> 17 | F13: 3732.4886 | G13: 3698.4886 | H13: 3880.9801 | I13: 3846.9801 | L13: =1/3*PI()*(B13-C13)*((F13/2000)^2+(F13/2000*H13/2000)+(H13/2000)^2-((G13/2000)^2+(G13/2000*I13/2000)+(I13/2000)^2))*7850 -> 4051.5145 | O13: =B13-14 -> 77.35 | P13: =C13-14 -> 74.8 | R13: =R12+1 -> 5 | S13: 0 | T13: 0 | U13: =O13-12 -> 65.35 | V13: 1 | W13: 0 | X13: 0 | Y13: 0 | Z13: 0 | AC13: =AC12+1 -> 5 | AD13: =AC13 -> 5 | AE13: =AD13+1 -> 6 | AF13: =AD13 -> 5 | AG13: =AE13 -> 6 | AH13: 1c | AI13: 0 | AJ13: =(U13-U14)*PI()/4*(AP13^2-(AP13-2*AQ13)^2+AP14^2-(AP14-AQ14*2)^2)/2*AO13 -> 4210.2632 | AL13: =R13 -> 5 | AM13: 210000000000 | AN13: 80769000000 | AO13: 7850 | AP13: =H13/1000 -> 3.8809801 | AQ13: =(H13-I13)/2/1000 -> 0.017 | AR13: =AR12+1 -> 5 | AS13: =R23 -> 15 | AT13: =K23 -> 3152.4502 | AU13: 0 | AV13: 0 | AW13: 0 | AX13: 0 | AY13: 0 | AZ13: 0 | BA13: 0 | BB13: 0 | BC13: 0
A14: 30 | B14: 88.8 | C14: 86.25 | D14: 17 | E14: =D14 -> 17 | F14: 3880.9801 | G14: 3846.9801 | H14: 4029.4715 | I14: 3995.4715 | L14: =1/3*PI()*(B14-C14)*((F14/2000)^2+(F14/2000*H14/2000)+(H14/2000)^2-((G14/2000)^2+(G14/2000*I14/2000)+(I14/2000)^2))*7850 -> 4210.2632 | O14: =B14-14 -> 74.8 | P14: =C14-14 -> 72.25 | R14: =R13+1 -> 6 | S14: 0 | T14: 0 | U14: =O14-12 -> 62.8 | V14: 1 | W14: 0 | X14: 0 | Y14: 0 | Z14: 0 | AC14: =AC13+1 -> 6 | AD14: =AC14 -> 6 | AE14: =AD14+1 -> 7 | AF14: =AD14 -> 6 | AG14: =AE14 -> 7 | AH14: 1c | AI14: 0 | AJ14: =(U14-U15)*PI()/4*(AP14^2-(AP14-2*AQ14)^2+AP15^2-(AP15-AQ15*2)^2)/2*AO14 -> 4499.2807 | AL14: =R14 -> 6 | AM14: 210000000000 | AN14: 80769000000 | AO14: 7850 | AP14: =H14/1000 -> 4.0294715 | AQ14: =(H14-I14)/2/1000 -> 0.017 | AR14: =AR13+1 -> 6 | AS14: =R31 -> 23 | AT14: =K31 -> 3984.0361 | AU14: 0 | AV14: 0 | AW14: 0 | AX14: 0 | AY14: 0 | AZ14: 0 | BA14: 0 | BB14: 0 | BC14: 0
A15: 29 | B15: 86.25 | C15: 83.7 | D15: 18 | E15: =D15 -> 18 | F15: 4029.4715 | G15: 3993.4715 | H15: 4177.9629 | I15: 4141.9629 | L15: =1/3*PI()*(B15-C15)*((F15/2000)^2+(F15/2000*H15/2000)+(H15/2000)^2-((G15/2000)^2+(G15/2000*I15/2000)+(I15/2000)^2))*7850 -> 4624.8805 | O15: =B15-14 -> 72.25 | P15: =C15-14 -> 69.7 | R15: =R14+1 -> 7 | S15: 0 | T15: 0 | U15: =O15-12 -> 60.25 | V15: 1 | W15: 0 | X15: 0 | Y15: 0 | Z15: 0 | AC15: =AC14+1 -> 7 | AD15: =AC15 -> 7 | AE15: =AD15+1 -> 8 | AF15: =AD15 -> 7 | AG15: =AE15 -> 8 | AH15: 1c | AI15: 0 | AJ15: =(U15-U16)*PI()/4*(AP15^2-(AP15-2*AQ15)^2+AP16^2-(AP16-AQ16*2)^2)/2*AO15 -> 4792.9674 | AL15: =R15 -> 7 | AM15: 210000000000 | AN15: 80769000000 | AO15: 7850 | AP15: =H15/1000 -> 4.1779629 | AQ15: =(H15-I15)/2/1000 -> 0.018 | AR15: =AR14+1 -> 7 | AS15: =R32 -> 24 | AT15: =K32 -> 3984.0361 | AU15: 0 | AV15: 0 | AW15: 0 | AX15: 0 | AY15: 0 | AZ15: 0 | BA15: 0 | BB15: 0 | BC15: 0
A16: 28 | B16: 83.7 | C16: 81.15 | D16: 18 | E16: =D16 -> 18 | F16: 4177.9629 | G16: 4141.9629 | H16: 4326.4544 | I16: 4290.4544 | L16: =1/3*PI()*(B16-C16)*((F16/2000)^2+(F16/2000*H16/2000)+(H16/2000)^2-((G16/2000)^2+(G16/2000*I16/2000)+(I16/2000)^2))*7850 -> 4792.9674 | O16: =B16-14 -> 69.7 | P16: =C16-14 -> 67.15 | R16: =R15+1 -> 8 | S16: 0 | T16: 0 | U16: =O16-12 -> 57.7 | V16: 1 | W16: 0 | X16: 0 | Y16: 0 | Z16: 0 | AC16: =AC15+1 -> 8 | AD16: =AC16 -> 8 | AE16: =AD16+1 -> 9 | AF16: =AD16 -> 8 | AG16: =AE16 -> 9 | AH16: 1c | AI16: 0 | AJ16: =(U16-U17)*PI()/4*(AP16^2-(AP16-2*AQ16)^2+AP17^2-(AP17-AQ17*2)^2)/2*AO16 -> 5100.5983 | AL16: =R16 -> 8 | AM16: 210000000000 | AN16: 80769000000 | AO16: 7850 | AP16: =H16/1000 -> 4.3264544 | AQ16: =(H16-I16)/2/1000 -> 0.018 | AR16: =AR15+1 -> 8 | AS16: =R44 -> 36 | AT16: =K43 -> 9670.9089 | AU16: 0 | AV16: 0 | AW16: 0 | AX16: 0 | AY16: 0 | AZ16: 0 | BA16: 0 | BB16: 0 | BC16: 0
A17: 27 | B17: 81.15 | C17: 78.6 | D17: 19 | E17: =D17 -> 19 | F17: 4326.4544 | G17: 4288.4544 | H17: 4474.9458 | I17: 4436.9458 | L17: =1/3*PI()*(B17-C17)*((F17/2000)^2+(F17/2000*H17/2000)+(H17/2000)^2-((G17/2000)^2+(G17/2000*I17/2000)+(I17/2000)^2))*7850 -> 5235.4734 | O17: =B17-14 -> 67.15 | P17: =C17-14 -> 64.6 | R17: =R16+1 -> 9 | S17: 0 | T17: 0 | U17: =O17-12 -> 55.15 | V17: 1 | W17: 0 | X17: 0 | Y17: 0 | Z17: 0 | AC17: =AC16+1 -> 9 | AD17: =AC17 -> 9 | AE17: =AD17+1 -> 10 | AF17: =AD17 -> 9 | AG17: =AE17 -> 10 | AH17: 1c | AI17: 0 | AJ17: =(U17-U18)*PI()/4*(AP17^2-(AP17-2*AQ17)^2+AP18^2-(AP18-AQ18*2)^2)/2*AO17 -> 5412.8984 | AL17: =R17 -> 9 | AM17: 210000000000 | AN17: 80769000000 | AO17: 7850 | AP17: =H17/1000 -> 4.4749458 | AQ17: =(H17-I17)/2/1000 -> 0.019
A18: 26 | B18: 78.6 | C18: 76.05 | D18: 19 | E18: =D18 -> 19 | F18: 4474.9458 | G18: 4436.9458 | H18: 4623.4373 | I18: 4585.4373 | L18: =1/3*PI()*(B18-C18)*((F18/2000)^2+(F18/2000*H18/2000)+(H18/2000)^2-((G18/2000)^2+(G18/2000*I18/2000)+(I18/2000)^2))*7850 -> 5412.8984 | O18: =B18-14 -> 64.6 | P18: =C18-14 -> 62.05 | R18: =R17+1 -> 10 | S18: 0 | T18: 0 | U18: =O18-12 -> 52.6 | V18: 1 | W18: 0 | X18: 0 | Y18: 0 | Z18: 0 | AC18: =AC17+1 -> 10 | AD18: =AC18 -> 10 | AE18: =AD18+1 -> 11 | AF18: =AD18 -> 10 | AG18: =AE18 -> 11 | AH18: 1c | AI18: 0 | AJ18: =(U18-U19)*PI()/4*(AP18^2-(AP18-2*AQ18)^2+AP19^2-(AP19-AQ19*2)^2)/2*AO18 -> 5739.1428 | AL18: =R18 -> 10 | AM18: 210000000000 | AN18: 80769000000 | AO18: 7850 | AP18: =H18/1000 -> 4.6234373 | AQ18: =(H18-I18)/2/1000 -> 0.019
A19: 25 | B19: 76.05 | C19: 73.5 | D19: 20 | E19: =D19 -> 20 | F19: 4623.4373 | G19: 4583.4373 | H19: 4771.9287 | I19: 4731.9287 | L19: =1/3*PI()*(B19-C19)*((F19/2000)^2+(F19/2000*H19/2000)+(H19/2000)^2-((G19/2000)^2+(G19/2000*I19/2000)+(I19/2000)^2))*7850 -> 5883.2932 | O19: =B19-14 -> 62.05 | P19: =C19-14 -> 59.5 | R19: =R18+1 -> 11 | S19: 0 | T19: 0 | U19: =O19-12 -> 50.05 | V19: 1 | W19: 0 | X19: 0 | Y19: 0 | Z19: 0 | AC19: =AC18+1 -> 11 | AD19: =AC19 -> 11 | AE19: =AD19+1 -> 12 | AF19: =AD19 -> 11 | AG19: =AE19 -> 12 | AH19: 1c | AI19: 0 | AJ19: =(U19-U20)*PI()/4*(AP19^2-(AP19-2*AQ19)^2+AP20^2-(AP20-AQ20*2)^2)/2*AO19 -> 6070.0563 | AL19: =R19 -> 11 | AM19: 210000000000 | AN19: 80769000000 | AO19: 7850 | AP19: =H19/1000 -> 4.7719287 | AQ19: =(H19-I19)/2/1000 -> 0.02 | BF19: 3MW Onshore tower model
A20: 24 | B20: 73.5 | C20: 70.95 | D20: 20 | E20: =D20 -> 20 | F20: 4771.9287 | G20: 4731.9287 | H20: 4920.4202 | I20: 4880.4202 | L20: =1/3*PI()*(B20-C20)*((F20/2000)^2+(F20/2000*H20/2000)+(H20/2000)^2-((G20/2000)^2+(G20/2000*I20/2000)+(I20/2000)^2))*7850 -> 6070.0563 | O20: =B20-14 -> 59.5 | P20: =C20-14 -> 56.95 | R20: =R19+1 -> 12 | S20: 0 | T20: 0 | U20: =O20-12 -> 47.5 | V20: 1 | W20: 0 | X20: 0 | Y20: 0 | Z20: 0 | AC20: =AC19+1 -> 12 | AD20: =AC20 -> 12 | AE20: =AD20+1 -> 13 | AF20: =AD20 -> 12 | AG20: =AE20 -> 13 | AH20: 1c | AI20: 0 | AJ20: =(U20-U21)*PI()/4*(AP20^2-(AP20-2*AQ20)^2+AP21^2-(AP21-AQ21*2)^2)/2*AO20 -> 6886.6238 | AL20: =R20 -> 12 | AM20: 210000000000 | AN20: 80769000000 | AO20: 7850 | AP20: =H20/1000 -> 4.9204202 | AQ20: =(H20-I20)/2/1000 -> 0.02 | BF20: Ref : DS3000-134-CAL20-0001.R00_Certification load calculation for WinDS3000-134 onshore.pdf
A21: 23 | B21: 70.95 | C21: 68.45 | D21: 24 | E21: =D21 -> 24 | F21: 4920.4202 | G21: 4872.4202 | H21: 5066 | I21: 5018 | L21: =1/3*PI()*(B21-C21)*((F21/2000)^2+(F21/2000*H21/2000)+(H21/2000)^2-((G21/2000)^2+(G21/2000*I21/2000)+(I21/2000)^2))*7850 -> 7352.8912 | O21: =B21-14 -> 56.95 | P21: =C21-14 -> 54.45 | R21: =R20+1 -> 13 | S21: 0 | T21: 0 | U21: =O21-12 -> 44.95 | V21: 1 | W21: 0 | X21: 0 | Y21: 0 | Z21: 0 | AC21: =AC20+1 -> 13 | AD21: =AC21 -> 13 | AE21: =AD21+1 -> 14 | AF21: =AD21 -> 13 | AG21: =AE21 -> 14 | AH21: 1c | AI21: 0 | AJ21: =(U21-U22)*PI()/4*(AP21^2-(AP21-2*AQ21)^2+AP22^2-(AP22-AQ22*2)^2)/2*AO21 -> 7460.5977 | AL21: =R21 -> 13 | AM21: 210000000000 | AN21: 80769000000 | AO21: 7850 | AP21: =H21/1000 -> 5.066 | AQ21: =(H21-I21)/2/1000 -> 0.024 | BF21: Blade Mass | BG21: 14176.5 | BH21: kg
A22: 22 | B22: 68.45 | C22: 68.225 | D22: 24 | E22: =D22 -> 24 | F22: 5066 | G22: 5018 | H22: 5066 | I22: 5018 | J22: L-FLG | K22: 3152.4502 | L22: =1/3*PI()*(B22-C22)*((F22/2000)^2+(F22/2000*H22/2000)+(H22/2000)^2-((G22/2000)^2+(G22/2000*I22/2000)+(I22/2000)^2))*7850 -> 671.45379 | M22: =SUM(K9:L22) -> 64093.296 | O22: =B22-14 -> 54.45 | P22: =C22-14 -> 54.225 | R22: =R21+1 -> 14 | S22: 0 | T22: 0 | U22: =O22-12 -> 42.45 | V22: 1 | W22: 0 | X22: 0 | Y22: 0 | Z22: 0 | AC22: =AC21+1 -> 14 | AD22: =AC22 -> 14 | AE22: =AD22+1 -> 15 | AF22: =AD22 -> 14 | AG22: =AE22 -> 15 | AH22: 1c | AI22: 0 | AJ22: =(U22-U23)*PI()/4*(AP22^2-(AP22-2*AQ22)^2+AP23^2-(AP23-AQ23*2)^2)/2*AO22 -> 671.45379 | AL22: =R22 -> 14 | AM22: 210000000000 | AN22: 80769000000 | AO22: 7850 | AP22: =H22/1000 -> 5.066 | AQ22: =(H22-I22)/2/1000 -> 0.024 | BF22: First Mass Moment | BG22: 246571 | BH22: kgm
A23: 21 | B23: 68.225 | C23: 68 | D23: 24 | E23: =D23 -> 24 | F23: 5066 | G23: 5018 | H23: 5066 | I23: 5018 | J23: L-FLG | K23: 3152.4502 | L23: =1/3*PI()*(B23-C23)*((F23/2000)^2+(F23/2000*H23/2000)+(H23/2000)^2-((G23/2000)^2+(G23/2000*I23/2000)+(I23/2000)^2))*7850 -> 671.45379 | O23: =B23-14 -> 54.225 | P23: =C23-14 -> 54 | R23: =R22+1 -> 15 | S23: 0 | T23: 0 | U23: =O23-12 -> 42.225 | V23: 1 | W23: 0 | X23: 0 | Y23: 0 | Z23: 0 | AC23: =AC22+1 -> 15 | AD23: =AC23 -> 15 | AE23: =AD23+1 -> 16 | AF23: =AD23 -> 15 | AG23: =AE23 -> 16 | AH23: 1c | AI23: 0 | AJ23: =(U23-U24)*PI()/4*(AP23^2-(AP23-2*AQ23)^2+AP24^2-(AP24-AQ24*2)^2)/2*AO23 -> 671.45379 | AL23: =R23 -> 15 | AM23: 210000000000 | AN23: 80769000000 | AO23: 7850 | AP23: =H23/1000 -> 5.066 | AQ23: =(H23-I23)/2/1000 -> 0.024 | BF23: Second Mass Moment | BG23: 7700000 | BH23: kgm²
A24: 20 | B24: 68 | C24: 65.5 | D24: 24 | E24: =D24 -> 24 | F24: 5066 | G24: 5018 | H24: 5066 | I24: 5018 | L24: =1/3*PI()*(B24-C24)*((F24/2000)^2+(F24/2000*H24/2000)+(H24/2000)^2-((G24/2000)^2+(G24/2000*I24/2000)+(I24/2000)^2))*7850 -> 7460.5977 | O24: =B24-14 -> 54 | P24: =C24-14 -> 51.5 | R24: =R23+1 -> 16 | S24: 0 | T24: 0 | U24: =O24-12 -> 42 | V24: 1 | W24: 0 | X24: 0 | Y24: 0 | Z24: 0 | AC24: =AC23+1 -> 16 | AD24: =AC24 -> 16 | AE24: =AD24+1 -> 17 | AF24: =AD24 -> 16 | AG24: =AE24 -> 17 | AH24: 1c | AI24: 0 | AJ24: =(U24-U25)*PI()/4*(AP24^2-(AP24-2*AQ24)^2+AP25^2-(AP25-AQ25*2)^2)/2*AO24 -> 7615.2561 | AL24: =R24 -> 16 | AM24: 210000000000 | AN24: 80769000000 | AO24: 7850 | AP24: =H24/1000 -> 5.066 | AQ24: =(H24-I24)/2/1000 -> 0.024 | BF24: Blade inertia about shaft | BG24: 8573000 | BH24: kgm²
A25: 19 | B25: 65.5 | C25: 62.95 | D25: 25 | E25: =D25 -> 25 | F25: 5066 | G25: 5016 | H25: 5066 | I25: 5016 | L25: =1/3*PI()*(B25-C25)*((F25/2000)^2+(F25/2000*H25/2000)+(H25/2000)^2-((G25/2000)^2+(G25/2000*I25/2000)+(I25/2000)^2))*7850 -> 7925.3129 | O25: =B25-14 -> 51.5 | P25: =C25-14 -> 48.95 | R25: =R24+1 -> 17 | S25: 0 | T25: 0 | U25: =O25-12 -> 39.5 | V25: 1 | W25: 0 | X25: 0 | Y25: 0 | Z25: 0 | AC25: =AC24+1 -> 17 | AD25: =AC25 -> 17 | AE25: =AD25+1 -> 18 | AF25: =AD25 -> 17 | AG25: =AE25 -> 18 | AH25: 1c | AI25: 0 | AJ25: =(U25-U26)*PI()/4*(AP25^2-(AP25-2*AQ25)^2+AP26^2-(AP26-AQ26*2)^2)/2*AO25 -> 8083.0016 | AL25: =R25 -> 17 | AM25: 210000000000 | AN25: 80769000000 | AO25: 7850 | AP25: =H25/1000 -> 5.066 | AQ25: =(H25-I25)/2/1000 -> 0.025
A26: 18 | B26: 62.95 | C26: 60.4 | D26: 26 | E26: =D26 -> 26 | F26: 5066 | G26: 5014 | H26: 5066 | I26: 5014 | L26: =1/3*PI()*(B26-C26)*((F26/2000)^2+(F26/2000*H26/2000)+(H26/2000)^2-((G26/2000)^2+(G26/2000*I26/2000)+(I26/2000)^2))*7850 -> 8240.6903 | O26: =B26-14 -> 48.95 | P26: =C26-14 -> 46.4 | R26: =R25+1 -> 18 | S26: 0 | T26: 0 | U26: =O26-12 -> 36.95 | V26: 1 | W26: 0 | X26: 0 | Y26: 0 | Z26: 0 | AC26: =AC25+1 -> 18 | AD26: =AC26 -> 18 | AE26: =AD26+1 -> 19 | AF26: =AD26 -> 18 | AG26: =AE26 -> 19 | AH26: 1c | AI26: 0 | AJ26: =(U26-U27)*PI()/4*(AP26^2-(AP26-2*AQ26)^2+AP27^2-(AP27-AQ27*2)^2)/2*AO26 -> 8398.3162 | AL26: =R26 -> 18 | AM26: 210000000000 | AN26: 80769000000 | AO26: 7850 | AP26: =H26/1000 -> 5.066 | AQ26: =(H26-I26)/2/1000 -> 0.026
A27: 17 | B27: 60.4 | C27: 57.85 | D27: 27 | E27: =D27 -> 27 | F27: 5066 | G27: 5012 | H27: 5066 | I27: 5012 | L27: =1/3*PI()*(B27-C27)*((F27/2000)^2+(F27/2000*H27/2000)+(H27/2000)^2-((G27/2000)^2+(G27/2000*I27/2000)+(I27/2000)^2))*7850 -> 8555.942 | O27: =B27-14 -> 46.4 | P27: =C27-14 -> 43.85 | R27: =R26+1 -> 19 | S27: 0 | T27: 0 | U27: =O27-12 -> 34.4 | V27: 1 | W27: 0 | X27: 0 | Y27: 0 | Z27: 0 | AC27: =AC26+1 -> 19 | AD27: =AC27 -> 19 | AE27: =AD27+1 -> 20 | AF27: =AD27 -> 19 | AG27: =AE27 -> 20 | AH27: 1c | AI27: 0 | AJ27: =(U27-U28)*PI()/4*(AP27^2-(AP27-2*AQ27)^2+AP28^2-(AP28-AQ28*2)^2)/2*AO27 -> 8713.505 | AL27: =R27 -> 19 | AM27: 210000000000 | AN27: 80769000000 | AO27: 7850 | AP27: =H27/1000 -> 5.066 | AQ27: =(H27-I27)/2/1000 -> 0.027 | BF27: Mass of hub | BG27: 31611.7 | BH27: kg
A28: 16 | B28: 57.85 | C28: 55.3 | D28: 28 | E28: =D28 -> 28 | F28: 5066 | G28: 5010 | H28: 5066 | I28: 5010 | L28: =1/3*PI()*(B28-C28)*((F28/2000)^2+(F28/2000*H28/2000)+(H28/2000)^2-((G28/2000)^2+(G28/2000*I28/2000)+(I28/2000)^2))*7850 -> 8871.0679 | O28: =B28-14 -> 43.85 | P28: =C28-14 -> 41.3 | R28: =R27+1 -> 20 | S28: 0 | T28: 0 | U28: =O28-12 -> 31.85 | V28: 1 | W28: 0 | X28: 0 | Y28: 0 | Z28: 0 | AC28: =AC27+1 -> 20 | AD28: =AC28 -> 20 | AE28: =AD28+1 -> 21 | AF28: =AD28 -> 20 | AG28: =AE28 -> 21 | AH28: 1c | AI28: 0 | AJ28: =(U28-U29)*PI()/4*(AP28^2-(AP28-2*AQ28)^2+AP29^2-(AP29-AQ29*2)^2)/2*AO28 -> 9028.568 | AL28: =R28 -> 20 | AM28: 210000000000 | AN28: 80769000000 | AO28: 7850 | AP28: =H28/1000 -> 5.066 | AQ28: =(H28-I28)/2/1000 -> 0.028 | BF28: Mass centre of hub | BG28: 0.089 | BH28: m
A29: 15 | B29: 55.3 | C29: 52.75 | D29: 29 | E29: =D29 -> 29 | F29: 5066 | G29: 5008 | H29: 5066 | I29: 5008 | L29: =1/3*PI()*(B29-C29)*((F29/2000)^2+(F29/2000*H29/2000)+(H29/2000)^2-((G29/2000)^2+(G29/2000*I29/2000)+(I29/2000)^2))*7850 -> 9186.0681 | O29: =B29-14 -> 41.3 | P29: =C29-14 -> 38.75 | R29: =R28+1 -> 21 | S29: 0 | T29: 0 | U29: =O29-12 -> 29.3 | V29: 1 | W29: 0 | X29: 0 | Y29: 0 | Z29: 0 | AC29: =AC28+1 -> 21 | AD29: =AC29 -> 21 | AE29: =AD29+1 -> 22 | AF29: =AD29 -> 21 | AG29: =AE29 -> 22 | AH29: 1c | AI29: 0 | AJ29: =(U29-U30)*PI()/4*(AP29^2-(AP29-2*AQ29)^2+AP30^2-(AP30-AQ30*2)^2)/2*AO29 -> 9815.4395 | AL29: =R29 -> 21 | AM29: 210000000000 | AN29: 80769000000 | AO29: 7850 | AP29: =H29/1000 -> 5.066 | AQ29: =(H29-I29)/2/1000 -> 0.029 | BF29: Hub inertia: about shaft | BG29: 81126 | BH29: kgm²
A30: 14 | B30: 52.75 | C30: 50.25 | D30: 33 | E30: =D30 -> 33 | F30: 5066 | G30: 5000 | H30: 5066 | I30: 5000 | L30: =1/3*PI()*(B30-C30)*((F30/2000)^2+(F30/2000*H30/2000)+(H30/2000)^2-((G30/2000)^2+(G30/2000*I30/2000)+(I30/2000)^2))*7850 -> 10240.011 | O30: =B30-14 -> 38.75 | P30: =C30-14 -> 36.25 | R30: =R29+1 -> 22 | S30: 0 | T30: 0 | U30: =O30-12 -> 26.75 | V30: 1 | W30: 0 | X30: 0 | Y30: 0 | Z30: 0 | AC30: =AC29+1 -> 22 | AD30: =AC30 -> 22 | AE30: =AD30+1 -> 23 | AF30: =AD30 -> 22 | AG30: =AE30 -> 23 | AH30: 1c | AI30: 0 | AJ30: =(U30-U31)*PI()/4*(AP30^2-(AP30-2*AQ30)^2+AP31^2-(AP31-AQ31*2)^2)/2*AO30 -> 10240.011 | AL30: =R30 -> 22 | AM30: 210000000000 | AN30: 80769000000 | AO30: 7850 | AP30: =H30/1000 -> 5.066 | AQ30: =(H30-I30)/2/1000 -> 0.033 | BF30: perpendicular to shaft | BG30: 73234 | BH30: kgm²
A31: 13 | B31: 50.25 | C31: 50 | D31: 33 | E31: =D31 -> 33 | F31: 5066 | G31: 5000 | H31: 5066 | I31: 5000 | J31: L-FLG | K31: 3984.0361 | L31: =1/3*PI()*(B31-C31)*((F31/2000)^2+(F31/2000*H31/2000)+(H31/2000)^2-((G31/2000)^2+(G31/2000*I31/2000)+(I31/2000)^2))*7850 -> 1024.0011 | M31: =SUM(K23:L31) -> 69311.631 | O31: =B31-14 -> 36.25 | P31: =C31-14 -> 36 | R31: =R30+1 -> 23 | S31: 0 | T31: 0 | U31: =O31-12 -> 24.25 | V31: 1 | W31: 0 | X31: 0 | Y31: 0 | Z31: 0 | AC31: =AC30+1 -> 23 | AD31: =AC31 -> 23 | AE31: =AD31+1 -> 24 | AF31: =AD31 -> 23 | AG31: =AE31 -> 24 | AH31: 1c | AI31: 0 | AJ31: =(U31-U32)*PI()/4*(AP31^2-(AP31-2*AQ31)^2+AP32^2-(AP32-AQ32*2)^2)/2*AO31 -> 1024.0011 | AL31: =R31 -> 23 | AM31: 210000000000 | AN31: 80769000000 | AO31: 7850 | AP31: =H31/1000 -> 5.066 | AQ31: =(H31-I31)/2/1000 -> 0.033 | BF31: Total Rotor Mass | BG31: 74197.8 | BH31: kg
A32: 12 | B32: 50 | C32: 49.75 | D32: 33 | E32: =D32 -> 33 | F32: 5066 | G32: 5000 | H32: 5066 | I32: 5000 | J32: L-FLG | K32: 3984.0361 | L32: =1/3*PI()*(B32-C32)*((F32/2000)^2+(F32/2000*H32/2000)+(H32/2000)^2-((G32/2000)^2+(G32/2000*I32/2000)+(I32/2000)^2))*7850 -> 1024.0011 | O32: =B32-14 -> 36 | P32: =C32-14 -> 35.75 | R32: =R31+1 -> 24 | S32: 0 | T32: 0 | U32: =O32-12 -> 24 | V32: 1 | W32: 0 | X32: 0 | Y32: 0 | Z32: 0 | AC32: =AC31+1 -> 24 | AD32: =AC32 -> 24 | AE32: =AD32+1 -> 25 | AF32: =AD32 -> 24 | AG32: =AE32 -> 25 | AH32: 1c | AI32: 0 | AJ32: =(U32-U33)*PI()/4*(AP32^2-(AP32-2*AQ32)^2+AP33^2-(AP33-AQ33*2)^2)/2*AO32 -> 1024.0011 | AL32: =R32 -> 24 | AM32: 210000000000 | AN32: 80769000000 | AO32: 7850 | AP32: =H32/1000 -> 5.066 | AQ32: =(H32-I32)/2/1000 -> 0.033 | BF32: Total Rotor Inertia | BG32: 25790000 | BH32: kgm²
A33: 11 | B33: 49.75 | C33: 47.4 | D33: 33 | E33: =D33 -> 33 | F33: 5066 | G33: 5000 | H33: 5066 | I33: 5000 | L33: =1/3*PI()*(B33-C33)*((F33/2000)^2+(F33/2000*H33/2000)+(H33/2000)^2-((G33/2000)^2+(G33/2000*I33/2000)+(I33/2000)^2))*7850 -> 9625.61 | O33: =B33-14 -> 35.75 | P33: =C33-14 -> 33.4 | R33: =R32+1 -> 25 | S33: 0 | T33: 0 | U33: =O33-12 -> 23.75 | V33: 1 | W33: 0 | X33: 0 | Y33: 0 | Z33: 0 | AC33: =AC32+1 -> 25 | AD33: =AC33 -> 25 | AE33: =AD33+1 -> 26 | AF33: =AD33 -> 25 | AG33: =AE33 -> 26 | AH33: 1c | AI33: 0 | AJ33: =(U33-U34)*PI()/4*(AP33^2-(AP33-2*AQ33)^2+AP34^2-(AP34-AQ34*2)^2)/2*AO33 -> 9919.3236 | AL33: =R33 -> 25 | AM33: 210000000000 | AN33: 80769000000 | AO33: 7850 | AP33: =H33/1000 -> 5.066 | AQ33: =(H33-I33)/2/1000 -> 0.033
A34: 10 | B34: 47.4 | C34: 45.1 | D34: 35 | E34: =D34 -> 35 | F34: 5070 | G34: 5000 | H34: 5070 | I34: 5000 | L34: =1/3*PI()*(B34-C34)*((F34/2000)^2+(F34/2000*H34/2000)+(H34/2000)^2-((G34/2000)^2+(G34/2000*I34/2000)+(I34/2000)^2))*7850 -> 9995.7385 | O34: =B34-14 -> 33.4 | P34: =C34-14 -> 31.1 | R34: =R33+1 -> 26 | S34: 0 | T34: 0 | U34: =O34-12 -> 21.4 | V34: 1 | W34: 0 | X34: 0 | Y34: 0 | Z34: 0 | AC34: =AC33+1 -> 26 | AD34: =AC34 -> 26 | AE34: =AD34+1 -> 27 | AF34: =AD34 -> 26 | AG34: =AE34 -> 27 | AH34: 1c | AI34: 0 | AJ34: =(U34-U35)*PI()/4*(AP34^2-(AP34-2*AQ34)^2+AP35^2-(AP35-AQ35*2)^2)/2*AO34 -> 10139.556 | AL34: =R34 -> 26 | AM34: 210000000000 | AN34: 80769000000 | AO34: 7850 | AP34: =H34/1000 -> 5.07 | AQ34: =(H34-I34)/2/1000 -> 0.035 | BF34: Nacelle mass | BG34: 125236 | BH34: kg
A35: 9 | B35: 45.1 | C35: 42.8 | D35: 36 | E35: =D35 -> 36 | F35: 5072 | G35: 5000 | H35: 5072 | I35: 5000 | L35: =1/3*PI()*(B35-C35)*((F35/2000)^2+(F35/2000*H35/2000)+(H35/2000)^2-((G35/2000)^2+(G35/2000*I35/2000)+(I35/2000)^2))*7850 -> 10283.373 | O35: =B35-14 -> 31.1 | P35: =C35-14 -> 28.8 | R35: =R34+1 -> 27 | S35: 0 | T35: 0 | U35: =O35-12 -> 19.1 | V35: 1 | W35: 0 | X35: 0 | Y35: 0 | Z35: 0 | AC35: =AC34+1 -> 27 | AD35: =AC35 -> 27 | AE35: =AD35+1 -> 28 | AF35: =AD35 -> 27 | AG35: =AE35 -> 28 | AH35: 1c | AI35: 0 | AJ35: =(U35-U36)*PI()/4*(AP35^2-(AP35-2*AQ35)^2+AP36^2-(AP36-AQ36*2)^2)/2*AO35 -> 10427.247 | AL35: =R35 -> 27 | AM35: 210000000000 | AN35: 80769000000 | AO35: 7850 | AP35: =H35/1000 -> 5.072 | AQ35: =(H35-I35)/2/1000 -> 0.036 | BF35: Nacelle centre of mass lateral offset | BG35: -0.044 | BH35: m
A36: 8 | B36: 42.8 | C36: 40.5 | D36: 37 | E36: =D36 -> 37 | F36: 5074 | G36: 5000 | H36: 5074 | I36: 5000 | L36: =1/3*PI()*(B36-C36)*((F36/2000)^2+(F36/2000*H36/2000)+(H36/2000)^2-((G36/2000)^2+(G36/2000*I36/2000)+(I36/2000)^2))*7850 -> 10571.121 | O36: =B36-14 -> 28.8 | P36: =C36-14 -> 26.5 | R36: =R35+1 -> 28 | S36: 0 | T36: 0 | U36: =O36-12 -> 16.8 | V36: 1 | W36: 0 | X36: 0 | Y36: 0 | Z36: 0 | AC36: =AC35+1 -> 28 | AD36: =AC36 -> 28 | AE36: =AD36+1 -> 29 | AF36: =AD36 -> 28 | AG36: =AE36 -> 29 | AH36: 1c | AI36: 0 | AJ36: =(U36-U37)*PI()/4*(AP36^2-(AP36-2*AQ36)^2+AP37^2-(AP37-AQ37*2)^2)/2*AO36 -> 10715.052 | AL36: =R36 -> 28 | AM36: 210000000000 | AN36: 80769000000 | AO36: 7850 | AP36: =H36/1000 -> 5.074 | AQ36: =(H36-I36)/2/1000 -> 0.037 | BF36: Nacelle centre of mass above tower top | BG36: 1.543 | BH36: m
A37: 7 | B37: 40.5 | C37: 38.2 | D37: 38 | E37: =D37 -> 38 | F37: 5076 | G37: 5000 | H37: 5076 | I37: 5000 | L37: =1/3*PI()*(B37-C37)*((F37/2000)^2+(F37/2000*H37/2000)+(H37/2000)^2-((G37/2000)^2+(G37/2000*I37/2000)+(I37/2000)^2))*7850 -> 10858.982 | O37: =B37-14 -> 26.5 | P37: =C37-14 -> 24.2 | R37: =R36+1 -> 29 | S37: 0 | T37: 0 | U37: =O37-12 -> 14.5 | V37: 1 | W37: 0 | X37: 0 | Y37: 0 | Z37: 0 | AC37: =AC36+1 -> 29 | AD37: =AC37 -> 29 | AE37: =AD37+1 -> 30 | AF37: =AD37 -> 29 | AG37: =AE37 -> 30 | AH37: 1c | AI37: 0 | AJ37: =(U37-U38)*PI()/4*(AP37^2-(AP37-2*AQ37)^2+AP38^2-(AP38-AQ38*2)^2)/2*AO37 -> 11147.014 | AL37: =R37 -> 29 | AM37: 210000000000 | AN37: 80769000000 | AO37: 7850 | AP37: =H37/1000 -> 5.076 | AQ37: =(H37-I37)/2/1000 -> 0.038 | BF37: Nacelle centre of mass in front of tower axis | BG37: -1.756 | BH37: m
A38: 6 | B38: 38.2 | C38: 35.9 | D38: 40 | E38: =D38 -> 40 | F38: 5080 | G38: 5000 | H38: 5080 | I38: 5000 | L38: =1/3*PI()*(B38-C38)*((F38/2000)^2+(F38/2000*H38/2000)+(H38/2000)^2-((G38/2000)^2+(G38/2000*I38/2000)+(I38/2000)^2))*7850 -> 11435.045 | O38: =B38-14 -> 24.2 | P38: =C38-14 -> 21.9 | R38: =R37+1 -> 30 | S38: 0 | T38: 0 | U38: =O38-12 -> 12.2 | V38: 1 | W38: 0 | X38: 0 | Y38: 0 | Z38: 0 | AC38: =AC37+1 -> 30 | AD38: =AC38 -> 30 | AE38: =AD38+1 -> 31 | AF38: =AD38 -> 30 | AG38: =AE38 -> 31 | AH38: 1c | AI38: 0 | AJ38: =(U38-U39)*PI()/4*(AP38^2-(AP38-2*AQ38)^2+AP39^2-(AP39-AQ39*2)^2)/2*AO38 -> 11867.518 | AL38: =R38 -> 30 | AM38: 210000000000 | AN38: 80769000000 | AO38: 7850 | AP38: =H38/1000 -> 5.08 | AQ38: =(H38-I38)/2/1000 -> 0.04 | BF38: Yaw inertia (about tower axis) | BG38: 2229000 | BH38: kgm²
A39: 5 | B39: 35.9 | C39: 33.6 | D39: 43 | E39: =D39 -> 43 | F39: 5086 | G39: 5000 | H39: 5086 | I39: 5000 | L39: =1/3*PI()*(B39-C39)*((F39/2000)^2+(F39/2000*H39/2000)+(H39/2000)^2-((G39/2000)^2+(G39/2000*I39/2000)+(I39/2000)^2))*7850 -> 12299.991 | O39: =B39-14 -> 21.9 | P39: =C39-14 -> 19.6 | R39: =R38+1 -> 31 | S39: 0 | T39: 0 | U39: =O39-12 -> 9.9 | V39: 1 | W39: 0 | X39: 0 | Y39: 0 | Z39: 0 | AC39: =AC38+1 -> 31 | AD39: =AC39 -> 31 | AE39: =AD39+1 -> 32 | AF39: =AD39 -> 31 | AG39: =AE39 -> 32 | AH39: 1c | AI39: 0 | AJ39: =(U39-U40)*PI()/4*(AP39^2-(AP39-2*AQ39)^2+AP40^2-(AP40-AQ40*2)^2)/2*AO39 -> 13311.079 | AL39: =R39 -> 31 | AM39: 210000000000 | AN39: 80769000000 | AO39: 7850 | AP39: =H39/1000 -> 5.086 | AQ39: =(H39-I39)/2/1000 -> 0.043 | BF39: Nodding inertia (about CoG) | BG39: 1827000 | BH39: kgm²
A40: 4 | B40: 33.6 | C40: 31.3 | D40: 50 | E40: =D40 -> 50 | F40: 5100 | G40: 5000 | H40: 5100 | I40: 5000 | L40: =1/3*PI()*(B40-C40)*((F40/2000)^2+(F40/2000*H40/2000)+(H40/2000)^2-((G40/2000)^2+(G40/2000*I40/2000)+(I40/2000)^2))*7850 -> 14322.167 | O40: =B40-14 -> 19.6 | P40: =C40-14 -> 17.3 | R40: =R39+1 -> 32 | S40: 0 | T40: 0 | U40: =O40-12 -> 7.6 | V40: 1 | W40: 0 | X40: 0 | Y40: 0 | Z40: 0 | AC40: =AC39+1 -> 32 | AD40: =AC40 -> 32 | AE40: =AD40+1 -> 33 | AF40: =AD40 -> 32 | AG40: =AE40 -> 33 | AH40: 1c | AI40: 0 | AJ40: =(U40-U41)*PI()/4*(AP40^2-(AP40-2*AQ40)^2+AP41^2-(AP41-AQ41*2)^2)/2*AO40 -> 16207.277 | AL40: =R40 -> 32 | AM40: 210000000000 | AN40: 80769000000 | AO40: 7850 | AP40: =H40/1000 -> 5.1 | AQ40: =(H40-I40)/2/1000 -> 0.05 | BF40: Rolling inertia (about CoG) | BG40: 275349 | BH40: kgm²
A41: 3 | B41: 31.3 | C41: 28.8 | D41: 63 | E41: =D41 -> 63 | F41: 5126 | G41: 5000 | H41: 5126 | I41: 5000 | L41: =1/3*PI()*(B41-C41)*((F41/2000)^2+(F41/2000*H41/2000)+(H41/2000)^2-((G41/2000)^2+(G41/2000*I41/2000)+(I41/2000)^2))*7850 -> 19665.637 | O41: =B41-14 -> 17.3 | P41: =C41-14 -> 14.8 | R41: =R40+1 -> 33 | S41: 0 | T41: 0 | U41: =O41-12 -> 5.3 | V41: 1 | W41: 0 | X41: 0 | Y41: 0 | Z41: 0 | AC41: =AC40+1 -> 33 | AD41: =AC41 -> 33 | AE41: =AD41+1 -> 34 | AF41: =AD41 -> 33 | AG41: =AE41 -> 34 | AH41: 1c | AI41: 0 | AJ41: =(U41-U42)*PI()/4*(AP41^2-(AP41-2*AQ41)^2+AP42^2-(AP42-AQ42*2)^2)/2*AO41 -> 19665.637 | AL41: =R41 -> 33 | AM41: 210000000000 | AN41: 80769000000 | AO41: 7850 | AP41: =H41/1000 -> 5.126 | AQ41: =(H41-I41)/2/1000 -> 0.063 | BF41: Total Tower-head Mass | BG41: 199434 | BH41: kg
A42: 2 | B42: 28.8 | C42: 26.3 | D42: 63 | E42: =D42 -> 63 | F42: 5126 | G42: 5000 | H42: 5126 | I42: 5000 | L42: =1/3*PI()*(B42-C42)*((F42/2000)^2+(F42/2000*H42/2000)+(H42/2000)^2-((G42/2000)^2+(G42/2000*I42/2000)+(I42/2000)^2))*7850 -> 19665.637 | O42: =B42-14 -> 14.8 | P42: =C42-14 -> 12.3 | R42: =R41+1 -> 34 | S42: 0 | T42: 0 | U42: =O42-12 -> 2.8 | V42: 1 | W42: 0 | X42: 0 | Y42: 0 | Z42: 0 | AC42: =AC41+1 -> 34 | AD42: =AC42 -> 34 | AE42: =AD42+1 -> 35 | AF42: =AD42 -> 34 | AG42: =AE42 -> 35 | AH42: 1c | AI42: 0 | AJ42: =(U42-U43)*PI()/4*(AP42^2-(AP42-2*AQ42)^2+AP43^2-(AP43-AQ43*2)^2)/2*AO42 -> 19665.637 | AL42: =R42 -> 34 | AM42: 210000000000 | AN42: 80769000000 | AO42: 7850 | AP42: =H42/1000 -> 5.126 | AQ42: =(H42-I42)/2/1000 -> 0.063 | BF42: Total Yaw Inertia: 0° azimuth | BG42: 16420000 | BH42: kgm²
A43: 1 | B43: 26.3 | C43: 26 | D43: 63 | E43: =D43 -> 63 | F43: 5126 | G43: 5000 | H43: 5126 | I43: 5000 | J43: L-FLG | K43: 9670.9089 | L43: =1/3*PI()*(B43-C43)*((F43/2000)^2+(F43/2000*H43/2000)+(H43/2000)^2-((G43/2000)^2+(G43/2000*I43/2000)+(I43/2000)^2))*7850 -> 2359.8764 | M43: =SUM(K32:L43) -> 145762.12 | O43: =B43-14 -> 12.3 | P43: =C43-14 -> 12 | R43: =R42+1 -> 35 | S43: 0 | T43: 0 | U43: =O43-12 -> 0.3 | V43: 1 | W43: 0 | X43: 0 | Y43: 0 | Z43: 0 | AC43: =AC42+1 -> 35 | AD43: =AC43 -> 35 | AE43: =AD43+1 -> 36 | AF43: =AD43 -> 35 | AG43: =AE43 -> 36 | AH43: 1c | AI43: 0 | AJ43: =(U43-U44)*PI()/4*(AP43^2-(AP43-2*AQ43)^2+AP44^2-(AP44-AQ44*2)^2)/2*AO43 -> 2359.8764 | AL43: =R43 -> 35 | AM43: 210000000000 | AN43: 80769000000 | AO43: 7850 | AP43: =H43/1000 -> 5.126 | AQ43: =(H43-I43)/2/1000 -> 0.063 | BF43: Total Yaw Inertia: 90° azimuth | BG43: 16420000 | BH43: kgm²
B44: * Section 1 은 삼성중공업 요청에 따라 I.D 5000mm 맞추어 설계 | L44: Total | M44: =SUM(M9:M43) -> 279167.05 | O44: 12 | R44: =R43+1 -> 36 | S44: 0 | T44: 0 | U44: =O44-12 -> 0 | V44: 1 | W44: 0 | X44: 0 | Y44: 0 | Z44: 0 | AL44: =R44 -> 36 | AM44: 210000000000 | AN44: 80769000000 | AO44: 7850 | AP44: 5.126 | AQ44: 0.063
AI45: Shell | AJ45: =SUM(AJ9:AJ43) -> 262331.13
AI46: Mass | AJ46: =SUM(AT11:AT16) -> 25473.232
AI47: Total | AJ47: =AJ45+AJ46 -> 287804.36

Sheet 260403_OnshoreTower
A1: 3MW Onshore tower model
A2: Ref : DS3000-134-CAL20-0001.R00_Certification load calculation for WinDS3000-134 onshore.pdf
M5: JointID | N5: JointXss | O5: JointYss | P5: JointZss | Q5: JointType | R5: JointDirX | S5: JointDirY | T5: JointDirZ | U5: JointStiff | V5: ![Coordinates | W5: of | X5: MemberID | Y5: MJointID1 | Z5: MJointID2 | AA5: MPropSetID1 | AB5: MPropSetID2 | AC5: MType | AD5: MSpin/COSMID | AE5: Weight | AG5: PropSetID | AH5: YoungE | AI5: ShearG | AJ5: MatDens | AK5: XsecD | AL5: XsecT | AN5: CMJointID | AO5: JMass | AP5: JMXX | AQ5: JMYY | AR5: JMZZ | AS5: JMXY | AT5: JMXZ | AU5: JMYZ | AV5: MCGX | AW5: MCGY | AX5: MCGZ
B6: Station Number | C6: Height (m) | D6: Diameter (m) | E6: Wall thickness (mm) | F6: Material | G6: Mass/unit length (kg/m) | H6: Stiffness (Nm²) | I6: Shear stiffness (N) | J6: Torsional stiffness (Nm²) | K6: Polar moment of inertia (kgm) | M6: (-) | N6: (m) | O6: (m) | P6: (m) | Q6: (-) | R6: (-) | S6: (-) | T6: (-) | U6: (Nm/rad) | X6: (-) | Y6: (-) | Z6: (-) | AA6: (-) | AB6: (-) | AC6: (-) | AD6: (deg/-) | AE6: kg | AG6: (-) | AH6: (N/m2) | AI6: (N/m2) | AJ6: (kg/m3) | AK6: (m) | AL6: (m) | AN6: (-) | AO6: (kg) | AP6: (kg*m^2) | AQ6: (kg*m^2) | AR6: (kg*m^2) | AS6: (kg*m^2) | AT6: (kg*m^2) | AU6: (kg*m^2) | AV6: (m) | AW6: (m) | AX6: (m)
B7: 51 | C7: 87.777 | D7: 3.3 | E7: 18 | F7: S355 | G7: 1456.9 | H7: 52480000000 | I7: 7498000000 | J7: 40380000000 | K7: 3923.38 | M7: 1 | N7: 0 | O7: 0 | P7: =C7 -> 87.777 | Q7: 1 | R7: 0 | S7: 0 | T7: 0 | U7: 0 | X7: 1 | Y7: =X7 -> 1 | Z7: =Y7+1 -> 2 | AA7: =Y7 -> 1 | AB7: =Z7 -> 2 | AC7: 1c | AD7: 0 | AE7: =(P7-P8)*PI()/4*(AK7^2-(AK7-2*AL7)^2+AK8^2-(AK8-AL8*2)^2)/2*AJ7 -> 3969.5943 | AG7: =M7 -> 1 | AH7: 210000000000 | AI7: 80769000000 | AJ7: 7850 | AK7: =D7 -> 3.3 | AL7: =E7/1000 -> 0.018 | AN7: =M7 -> 1 | AO7: =81126+125236 -> 206362 | AP7: 0 | AQ7: 0 | AR7: 2229000 | AS7: 0 | AT7: 0 | AU7: 0 | AV7: 1.756 | AW7: 0.044 | AX7: 1.543
B8: 50 | C8: 85.077 | D8: 3.36 | E8: 18 | F8: S355 | G8: 1483.54 | H8: 55410000000 | I8: 7635000000 | J8: 42640000000 | K8: 4142.51 | M8: =M7+1 -> 2 | N8: 0 | O8: 0 | P8: =C8 -> 85.077 | Q8: 1 | R8: 0 | S8: 0 | T8: 0 | U8: 0 | X8: =X7+1 -> 2 | Y8: =X8 -> 2 | Z8: =Y8+1 -> 3 | AA8: =Y8 -> 2 | AB8: =Z8 -> 3 | AC8: 1c | AD8: 0 | AE8: =(P8-#REF!)*PI()/4*(AK8^2-(AK8-2*AL8)^2+#REF!^2-(#REF!-#REF!*2)^2)/2*AJ8 -> #REF! | AG8: =M8 -> 2 | AH8: 210000000000 | AI8: 80769000000 | AJ8: 7850 | AK8: =D8 -> 3.36 | AL8: =E8/1000 -> 0.018
B9: 48 | C9: 82.577 | D9: 3.42 | E9: 16 | F9: S355 | G9: 1343.17 | H9: 52040000000 | I9: 6913000000 | J9: 40050000000 | K9: 3890.97 | M9: =M8+1 -> 3 | N9: 0 | O9: 0 | P9: =C9 -> 82.577 | Q9: 1 | R9: 0 | S9: 0 | T9: 0 | U9: 0 | X9: =X8+1 -> 3 | Y9: =X9 -> 3 | Z9: =Y9+1 -> 4 | AA9: =Y9 -> 3 | AB9: =Z9 -> 4 | AC9: 1c | AD9: 0 | AE9: =(P9-P10)*PI()/4*(AK9^2-(AK9-2*AL9)^2+AK10^2-(AK10-AL10*2)^2)/2*AJ9 -> 3387.504 | AG9: =M9 -> 3 | AH9: 210000000000 | AI9: 80769000000 | AJ9: 7850 | AK9: =D9 -> 3.42 | AL9: =E9/1000 -> 0.016
B10: 47 | C10: 80.077 | D10: 3.48 | E10: 16 | F10: S355 | G10: 1366.84 | H10: 54850000000 | I10: 7034000000 | J10: 42210000000 | K10: 4100.37 | M10: =M9+1 -> 4 | N10: 0 | O10: 0 | P10: =C10 -> 80.077 | Q10: 1 | R10: 0 | S10: 0 | T10: 0 | U10: 0 | X10: =X9+1 -> 4 | Y10: =X10 -> 4 | Z10: =Y10+1 -> 5 | AA10: =Y10 -> 4 | AB10: =Z10 -> 5 | AC10: 1c | AD10: 0 | AE10: =(P10-P11)*PI()/4*(AK10^2-(AK10-2*AL10)^2+AK11^2-(AK11-AL11*2)^2)/2*AJ10 -> 3446.6916 | AG10: =M10 -> 4 | AH10: 210000000000 | AI10: 80769000000 | AJ10: 7850 | AK10: =D10 -> 3.48 | AL10: =E10/1000 -> 0.016
B11: 46 | C11: 77.577 | D11: 3.54 | E11: 16 | F11: S355 | G11: 1390.52 | H11: 57750000000 | I11: 7156000000 | J11: 44440000000 | K11: 4317.15 | M11: =M10+1 -> 5 | N11: 0 | O11: 0 | P11: =C11 -> 77.577 | Q11: 1 | R11: 0 | S11: 0 | T11: 0 | U11: 0 | X11: =X10+1 -> 5 | Y11: =X11 -> 5 | Z11: =Y11+1 -> 6 | AA11: =Y11 -> 5 | AB11: =Z11 -> 6 | AC11: 1c | AD11: 0 | AE11: =(P11-P12)*PI()/4*(AK11^2-(AK11-2*AL11)^2+AK12^2-(AK12-AL12*2)^2)/2*AJ11 -> 3505.8792 | AG11: =M11 -> 5 | AH11: 210000000000 | AI11: 80769000000 | AJ11: 7850 | AK11: =D11 -> 3.54 | AL11: =E11/1000 -> 0.016
B12: 45 | C12: 75.077 | D12: 3.6 | E12: 16 | F12: S355 | G12: 1414.19 | H12: 60750000000 | I12: 7278000000 | J12: 46740000000 | K12: 4541.43 | M12: =M11+1 -> 6 | N12: 0 | O12: 0 | P12: =C12 -> 75.077 | Q12: 1 | R12: 0 | S12: 0 | T12: 0 | U12: 0 | X12: =X11+1 -> 6 | Y12: =X12 -> 6 | Z12: =Y12+1 -> 7 | AA12: =Y12 -> 6 | AB12: =Z12 -> 7 | AC12: 1c | AD12: 0 | AE12: =(P12-P13)*PI()/4*(AK12^2-(AK12-2*AL12)^2+AK13^2-(AK13-AL13*2)^2)/2*AJ12 -> 3565.0668 | AG12: =M12 -> 6 | AH12: 210000000000 | AI12: 80769000000 | AJ12: 7850 | AK12: =D12 -> 3.6 | AL12: =E12/1000 -> 0.016
B13: 44 | C13: 72.577 | D13: 3.66 | E13: 16 | F13: S355 | G13: 1437.87 | H13: 63850000000 | I13: 7400000000 | J13: 49130000000 | K13: 4773.35 | M13: =M12+1 -> 7 | N13: 0 | O13: 0 | P13: =C13 -> 72.577 | Q13: 1 | R13: 0 | S13: 0 | T13: 0 | U13: 0 | X13: =X12+1 -> 7 | Y13: =X13 -> 7 | Z13: =Y13+1 -> 8 | AA13: =Y13 -> 7 | AB13: =Z13 -> 8 | AC13: 1c | AD13: 0 | AE13: =(P13-#REF!)*PI()/4*(AK13^2-(AK13-2*AL13)^2+#REF!^2-(#REF!-#REF!*2)^2)/2*AJ13 -> #REF! | AG13: =M13 -> 7 | AH13: 210000000000 | AI13: 80769000000 | AJ13: 7850 | AK13: =D13 -> 3.66 | AL13: =E13/1000 -> 0.016
B14: 42 | C14: 70.077 | D14: 3.72 | E14: 18 | F14: S355 | G14: 1643.34 | H14: 75310000000 | I14: 8457000000 | J14: 57960000000 | K14: 5630.56 | M14: =M13+1 -> 8 | N14: 0 | O14: 0 | P14: =C14 -> 70.077 | Q14: 1 | R14: 0 | S14: 0 | T14: 0 | U14: 0 | X14: =X13+1 -> 8 | Y14: =X14 -> 8 | Z14: =Y14+1 -> 9 | AA14: =Y14 -> 8 | AB14: =Z14 -> 9 | AC14: 1c | AD14: 0 | AE14: =(P14-P15)*PI()/4*(AK14^2-(AK14-2*AL14)^2+AK15^2-(AK15-AL15*2)^2)/2*AJ14 -> 4141.6527 | AG14: =M14 -> 8 | AH14: 210000000000 | AI14: 80769000000 | AJ14: 7850 | AK14: =D14 -> 3.72 | AL14: =E14/1000 -> 0.018
B15: 41 | C15: 67.577 | D15: 3.78 | E15: 18 | F15: S355 | G15: 1669.98 | H15: 79030000000 | I15: 8595000000 | J15: 60820000000 | K15: 5908.78 | M15: =M14+1 -> 9 | N15: 0 | O15: 0 | P15: =C15 -> 67.577 | Q15: 1 | R15: 0 | S15: 0 | T15: 0 | U15: 0 | X15: =X14+1 -> 9 | Y15: =X15 -> 9 | Z15: =Y15+1 -> 10 | AA15: =Y15 -> 9 | AB15: =Z15 -> 10 | AC15: 1c | AD15: 0 | AE15: =(P15-P16)*PI()/4*(AK15^2-(AK15-2*AL15)^2+AK16^2-(AK16-AL16*2)^2)/2*AJ15 -> 4208.2388 | AG15: =M15 -> 9 | AH15: 210000000000 | AI15: 80769000000 | AJ15: 7850 | AK15: =D15 -> 3.78 | AL15: =E15/1000 -> 0.018
B16: 40 | C16: 65.077 | D16: 3.84 | E16: 18 | F16: S355 | G16: 1696.61 | H16: 82880000000 | I16: 8732000000 | J16: 63780000000 | K16: 6196.03 | M16: =M15+1 -> 10 | N16: 0 | O16: 0 | P16: =C16 -> 65.077 | Q16: 1 | R16: 0 | S16: 0 | T16: 0 | U16: 0 | X16: =X15+1 -> 10 | Y16: =X16 -> 10 | Z16: =Y16+1 -> 11 | AA16: =Y16 -> 10 | AB16: =Z16 -> 11 | AC16: 1c | AD16: 0 | AE16: =(P16-#REF!)*PI()/4*(AK16^2-(AK16-2*AL16)^2+#REF!^2-(#REF!-#REF!*2)^2)/2*AJ16 -> #REF! | AG16: =M16 -> 10 | AH16: 210000000000 | AI16: 80769000000 | AJ16: 7850 | AK16: =D16 -> 3.84 | AL16: =E16/1000 -> 0.018
B17: 38 | C17: 62.437 | D17: 3.9 | E17: 20 | F17: S355 | G17: 1913.73 | H17: 96340000000 | I17: 9849000000 | J17: 74140000000 | K17: 7202.7 | M17: =M16+1 -> 11 | N17: 0 | O17: 0 | P17: =C17 -> 62.437 | Q17: 1 | R17: 0 | S17: 0 | T17: 0 | U17: 0 | X17: =X16+1 -> 11 | Y17: =X17 -> 11 | Z17: =Y17+1 -> 12 | AA17: =Y17 -> 11 | AB17: =Z17 -> 12 | AC17: 1c | AD17: 0 | AE17: =(P17-P18)*PI()/4*(AK17^2-(AK17-2*AL17)^2+AK18^2-(AK18-AL18*2)^2)/2*AJ17 -> 5076.9944 | AG17: =M17 -> 11 | AH17: 210000000000 | AI17: 80769000000 | AJ17: 7850 | AK17: =D17 -> 3.9 | AL17: =E17/1000 -> 0.02
B18: 37 | C18: 59.797 | D18: 3.938 | E18: 20 | F18: S355 | G18: 1932.47 | H18: 99200000000 | I18: 9945000000 | J18: 76340000000 | K18: 7416.4 | M18: =M17+1 -> 12 | N18: 0 | O18: 0 | P18: =C18 -> 59.797 | Q18: 1 | R18: 0 | S18: 0 | T18: 0 | U18: 0 | X18: =X17+1 -> 12 | Y18: =X18 -> 12 | Z18: =Y18+1 -> 13 | AA18: =Y18 -> 12 | AB18: =Z18 -> 13 | AC18: 1c | AD18: 0 | AE18: =(P18-P19)*PI()/4*(AK18^2-(AK18-2*AL18)^2+AK19^2-(AK19-AL19*2)^2)/2*AJ18 -> 4854.0002 | AG18: =M18 -> 12 | AH18: 210000000000 | AI18: 80769000000 | AJ18: 7850 | AK18: =D18 -> 3.938 | AL18: =E18/1000 -> 0.02
B19: 36 | C19: 57.297 | D19: 3.975 | E19: 20 | F19: S355 | G19: 1950.72 | H19: 102000000000 | I19: 10040000000 | J19: 78520000000 | K19: 7628.5 | M19: =M18+1 -> 13 | N19: 0 | O19: 0 | P19: =C19 -> 57.297 | Q19: 1 | R19: 0 | S19: 0 | T19: 0 | U19: 0 | X19: =X18+1 -> 13 | Y19: =X19 -> 13 | Z19: =Y19+1 -> 14 | AA19: =Y19 -> 13 | AB19: =Z19 -> 14 | AC19: 1c | AD19: 0 | AE19: =(P19-#REF!)*PI()/4*(AK19^2-(AK19-2*AL19)^2+#REF!^2-(#REF!-#REF!*2)^2)/2*AJ19 -> #REF! | AG19: =M19 -> 13 | AH19: 210000000000 | AI19: 80769000000 | AJ19: 7850 | AK19: =D19 -> 3.975 | AL19: =E19/1000 -> 0.02
B20: 34 | C20: 54.797 | D20: 4.013 | E20: 22 | F20: S355 | G20: 2165.32 | H20: 115300000000 | I20: 11140000000 | J20: 88750000000 | K20: 8622.62 | M20: =M19+1 -> 14 | N20: 0 | O20: 0 | P20: =C20 -> 54.797 | Q20: 1 | R20: 0 | S20: 0 | T20: 0 | U20: 0 | X20: =X19+1 -> 14 | Y20: =X20 -> 14 | Z20: =Y20+1 -> 15 | AA20: =Y20 -> 14 | AB20: =Z20 -> 15 | AC20: 1c | AD20: 0 | AE20: =(P20-P21)*PI()/4*(AK20^2-(AK20-2*AL20)^2+AK21^2-(AK21-AL21*2)^2)/2*AJ20 -> 5438.4161 | AG20: =M20 -> 14 | AH20: 210000000000 | AI20: 80769000000 | AJ20: 7850 | AK20: =D20 -> 4.013 | AL20: =E20/1000 -> 0.022
B21: 33 | C21: 52.297 | D21: 4.05 | E21: 22 | F21: S355 | G21: 2185.41 | H21: 118600000000 | I21: 11250000000 | J21: 91240000000 | K21: 8864.71 | M21: =M20+1 -> 15 | N21: 0 | O21: 0 | P21: =C21 -> 52.297 | Q21: 1 | R21: 0 | S21: 0 | T21: 0 | U21: 0 | X21: =X20+1 -> 15 | Y21: =X21 -> 15 | Z21: =Y21+1 -> 16 | AA21: =Y21 -> 15 | AB21: =Z21 -> 16 | AC21: 1c | AD21: 0 | AE21: =(P21-P22)*PI()/4*(AK21^2-(AK21-2*AL21)^2+AK22^2-(AK22-AL22*2)^2)/2*AJ21 -> 5489.2805 | AG21: =M21 -> 15 | AH21: 210000000000 | AI21: 80769000000 | AJ21: 7850 | AK21: =D21 -> 4.05 | AL21: =E21/1000 -> 0.022
B22: 32 | C22: 49.797 | D22: 4.088 | E22: 22 | F22: S355 | G22: 2206.03 | H22: 122000000000 | I22: 11350000000 | J22: 93850000000 | K22: 9117.97 | M22: =M21+1 -> 16 | N22: 0 | O22: 0 | P22: =C22 -> 49.797 | Q22: 1 | R22: 0 | S22: 0 | T22: 0 | U22: 0 | X22: =X21+1 -> 16 | Y22: =X22 -> 16 | Z22: =Y22+1 -> 17 | AA22: =Y22 -> 16 | AB22: =Z22 -> 17 | AC22: 1c | AD22: 0 | AE22: =(P22-#REF!)*PI()/4*(AK22^2-(AK22-2*AL22)^2+#REF!^2-(#REF!-#REF!*2)^2)/2*AJ22 -> #REF! | AG22: =M22 -> 16 | AH22: 210000000000 | AI22: 80769000000 | AJ22: 7850 | AK22: =D22 -> 4.088 | AL22: =E22/1000 -> 0.022
B23: 30 | C23: 47.297 | D23: 4.125 | E23: 24 | F23: S355 | G23: 2427.28 | H23: 136500000000 | I23: 12490000000 | J23: 105000000000 | K23: 10206 | M23: =M22+1 -> 17 | N23: 0 | O23: 0 | P23: =C23 -> 47.297 | Q23: 1 | R23: 0 | S23: 0 | T23: 0 | U23: 0 | X23: =X22+1 -> 17 | Y23: =X23 -> 17 | Z23: =Y23+1 -> 18 | AA23: =Y23 -> 17 | AB23: =Z23 -> 18 | AC23: 1c | AD23: 0 | AE23: =(P23-P24)*PI()/4*(AK23^2-(AK23-2*AL23)^2+AK24^2-(AK24-AL24*2)^2)/2*AJ23 -> 6096.3234 | AG23: =M23 -> 17 | AH23: 210000000000 | AI23: 80769000000 | AJ23: 7850 | AK23: =D23 -> 4.125 | AL23: =E23/1000 -> 0.024
B24: 29 | C24: 44.797 | D24: 4.163 | E24: 24 | F24: S355 | G24: 2449.77 | H24: 140300000000 | I24: 12610000000 | J24: 108000000000 | K24: 10492.3 | M24: =M23+1 -> 18 | N24: 0 | O24: 0 | P24: =C24 -> 44.797 | Q24: 1 | R24: 0 | S24: 0 | T24: 0 | U24: 0 | X24: =X23+1 -> 18 | Y24: =X24 -> 18 | Z24: =Y24+1 -> 19 | AA24: =Y24 -> 18 | AB24: =Z24 -> 19 | AC24: 1c | AD24: 0 | AE24: =(P24-#REF!)*PI()/4*(AK24^2-(AK24-2*AL24)^2+#REF!^2-(#REF!-#REF!*2)^2)/2*AJ24 -> #REF! | AG24: =M24 -> 18 | AH24: 210000000000 | AI24: 80769000000 | AJ24: 7850 | AK24: =D24 -> 4.163 | AL24: =E24/1000 -> 0.024
B25: 27 | C25: 42.122 | D25: 4.2 | E25: 26 | F25: S355 | G25: 2676.37 | H25: 155900000000 | I25: 13770000000 | J25: 120000000000 | K25: 11657.5 | M25: =M24+1 -> 19 | N25: 0 | O25: 0 | P25: =C25 -> 42.122 | Q25: 1 | R25: 0 | S25: 0 | T25: 0 | U25: 0 | X25: =X24+1 -> 19 | Y25: =X25 -> 19 | Z25: =Y25+1 -> 20 | AA25: =Y25 -> 19 | AB25: =Z25 -> 20 | AC25: 1c | AD25: 0 | AE25: =(P25-P26)*PI()/4*(AK25^2-(AK25-2*AL25)^2+AK26^2-(AK26-AL26*2)^2)/2*AJ25 -> 7173.8553 | AG25: =M25 -> 19 | AH25: 210000000000 | AI25: 80769000000 | AJ25: 7850 | AK25: =D25 -> 4.2 | AL25: =E25/1000 -> 0.026
B26: 26 | C26: 39.447 | D26: 4.217 | E26: 26 | F26: S355 | G26: 2687.27 | H26: 157800000000 | I26: 13830000000 | J26: 121500000000 | K26: 11800.6 | M26: =M25+1 -> 20 | N26: 0 | O26: 0 | P26: =C26 -> 39.447 | Q26: 1 | R26: 0 | S26: 0 | T26: 0 | U26: 0 | X26: =X25+1 -> 20 | Y26: =X26 -> 20 | Z26: =Y26+1 -> 21 | AA26: =Y26 -> 20 | AB26: =Z26 -> 21 | AC26: 1c | AD26: 0 | AE26: =(P26-P27)*PI()/4*(AK26^2-(AK26-2*AL26)^2+AK27^2-(AK27-AL27*2)^2)/2*AJ26 -> 6730.9871 | AG26: =M26 -> 20 | AH26: 210000000000 | AI26: 80769000000 | AJ26: 7850 | AK26: =D26 -> 4.217 | AL26: =E26/1000 -> 0.026
B27: 25 | C27: 36.947 | D27: 4.233 | E27: 26 | F27: S355 | G27: 2697.52 | H27: 159700000000 | I27: 13880000000 | J27: 122900000000 | K27: 11936.2 | M27: =M26+1 -> 21 | N27: 0 | O27: 0 | P27: =C27 -> 36.947 | Q27: 1 | R27: 0 | S27: 0 | T27: 0 | U27: 0 | X27: =X26+1 -> 21 | Y27: =X27 -> 21 | Z27: =Y27+1 -> 22 | AA27: =Y27 -> 21 | AB27: =Z27 -> 22 | AC27: 1c | AD27: 0 | AE27: =(P27-#REF!)*PI()/4*(AK27^2-(AK27-2*AL27)^2+#REF!^2-(#REF!-#REF!*2)^2)/2*AJ27 -> #REF! | AG27: =M27 -> 21 | AH27: 210000000000 | AI27: 80769000000 | AJ27: 7850 | AK27: =D27 -> 4.233 | AL27: =E27/1000 -> 0.026
B28: 23 | C28: 34.447 | D28: 4.25 | E28: 28 | F28: S355 | G28: 2915.39 | H28: 173800000000 | I28: 15000000000 | J28: 133700000000 | K28: 12992.5 | M28: =M27+1 -> 22 | N28: 0 | O28: 0 | P28: =C28 -> 34.447 | Q28: 1 | R28: 0 | S28: 0 | T28: 0 | U28: 0 | X28: =X27+1 -> 22 | Y28: =X28 -> 22 | Z28: =Y28+1 -> 23 | AA28: =Y28 -> 22 | AB28: =Z28 -> 23 | AC28: 1c | AD28: 0 | AE28: =(P28-P29)*PI()/4*(AK28^2-(AK28-2*AL28)^2+AK29^2-(AK29-AL29*2)^2)/2*AJ28 -> 7303.134 | AG28: =M28 -> 22 | AH28: 210000000000 | AI28: 80769000000 | AJ28: 7850 | AK28: =D28 -> 4.25 | AL28: =E28/1000 -> 0.028
B29: 22 | C29: 31.947 | D29: 4.267 | E29: 28 | F29: S355 | G29: 2927.13 | H29: 175900000000 | I29: 15060000000 | J29: 135400000000 | K29: 13150.1 | M29: =M28+1 -> 23 | N29: 0 | O29: 0 | P29: =C29 -> 31.947 | Q29: 1 | R29: 0 | S29: 0 | T29: 0 | U29: 0 | X29: =X28+1 -> 23 | Y29: =X29 -> 23 | Z29: =Y29+1 -> 24 | AA29: =Y29 -> 23 | AB29: =Z29 -> 24 | AC29: 1c | AD29: 0 | AE29: =(P29-P30)*PI()/4*(AK29^2-(AK29-2*AL29)^2+AK30^2-(AK30-AL30*2)^2)/2*AJ29 -> 7331.618 | AG29: =M29 -> 23 | AH29: 210000000000 | AI29: 80769000000 | AJ29: 7850 | AK29: =D29 -> 4.267 | AL29: =E29/1000 -> 0.028
B30: 21 | C30: 29.447 | D30: 4.283 | E30: 28 | F30: S355 | G30: 2938.18 | H30: 177900000000 | I30: 15120000000 | J30: 136900000000 | K30: 13299.5 | M30: =M29+1 -> 24 | N30: 0 | O30: 0 | P30: =C30 -> 29.447 | Q30: 1 | R30: 0 | S30: 0 | T30: 0 | U30: 0 | X30: =X29+1 -> 24 | Y30: =X30 -> 24 | Z30: =Y30+1 -> 25 | AA30: =Y30 -> 24 | AB30: =Z30 -> 25 | AC30: 1c | AD30: 0 | AE30: =(P30-#REF!)*PI()/4*(AK30^2-(AK30-2*AL30)^2+#REF!^2-(#REF!-#REF!*2)^2)/2*AJ30 -> #REF! | AG30: =M30 -> 24 | AH30: 210000000000 | AI30: 80769000000 | AJ30: 7850 | AK30: =D30 -> 4.283 | AL30: =E30/1000 -> 0.028
B31: 19 | C31: 26.747 | D31: 4.3 | E31: 30 | F31: S355 | G31: 3159.13 | H31: 192600000000 | I31: 16260000000 | J31: 148200000000 | K31: 14400.8 | M31: =M30+1 -> 25 | N31: 0 | O31: 0 | P31: =C31 -> 26.747 | Q31: 1 | R31: 0 | S31: 0 | T31: 0 | U31: 0 | X31: =X30+1 -> 25 | Y31: =X31 -> 25 | Z31: =Y31+1 -> 26 | AA31: =Y31 -> 25 | AB31: =Z31 -> 26 | AC31: 1c | AD31: 0 | AE31: =(P31-P32)*PI()/4*(AK31^2-(AK31-2*AL31)^2+AK32^2-(AK32-AL32*2)^2)/2*AJ31 -> 8687.6307 | AG31: =M31 -> 25 | AH31: 210000000000 | AI31: 80769000000 | AJ31: 7850 | AK31: =D31 -> 4.3 | AL31: =E31/1000 -> 0.03
B32: 18 | C32: 23.997 | D32: 4.3 | E32: 30 | F32: S355 | G32: 3159.13 | H32: 192600000000 | I32: 16260000000 | J32: 148200000000 | K32: 14400.8 | M32: =M31+1 -> 26 | N32: 0 | O32: 0 | P32: =C32 -> 23.997 | Q32: 1 | R32: 0 | S32: 0 | T32: 0 | U32: 0 | X32: =X31+1 -> 26 | Y32: =X32 -> 26 | Z32: =Y32+1 -> 27 | AA32: =Y32 -> 26 | AB32: =Z32 -> 27 | AC32: 1c | AD32: 0 | AE32: =(P32-#REF!)*PI()/4*(AK32^2-(AK32-2*AL32)^2+#REF!^2-(#REF!-#REF!*2)^2)/2*AJ32 -> #REF! | AG32: =M32 -> 26 | AH32: 210000000000 | AI32: 80769000000 | AJ32: 7850 | AK32: =D32 -> 4.3 | AL32: =E32/1000 -> 0.03
B33: 16 | C33: 21.447 | D33: 4.3 | E33: 32 | F33: S355 | G33: 3368.17 | H33: 205200000000 | I33: 17330000000 | J33: 157900000000 | K33: 15339.4 | M33: =M32+1 -> 27 | N33: 0 | O33: 0 | P33: =C33 -> 21.447 | Q33: 1 | R33: 0 | S33: 0 | T33: 0 | U33: 0 | X33: =X32+1 -> 27 | Y33: =X33 -> 27 | Z33: =Y33+1 -> 28 | AA33: =Y33 -> 27 | AB33: =Z33 -> 28 | AC33: 1c | AD33: 0 | AE33: =(P33-P34)*PI()/4*(AK33^2-(AK33-2*AL33)^2+AK34^2-(AK34-AL34*2)^2)/2*AJ33 -> 8588.8318 | AG33: =M33 -> 27 | AH33: 210000000000 | AI33: 80769000000 | AJ33: 7850 | AK33: =D33 -> 4.3 | AL33: =E33/1000 -> 0.032
B34: 15 | C34: 18.897 | D34: 4.3 | E34: 32 | F34: S355 | G34: 3368.17 | H34: 205200000000 | I34: 17330000000 | J34: 157900000000 | K34: 15339.4 | M34: =M33+1 -> 28 | N34: 0 | O34: 0 | P34: =C34 -> 18.897 | Q34: 1 | R34: 0 | S34: 0 | T34: 0 | U34: 0 | X34: =X33+1 -> 28 | Y34: =X34 -> 28 | Z34: =Y34+1 -> 29 | AA34: =Y34 -> 28 | AB34: =Z34 -> 29 | AC34: 1c | AD34: 0 | AE34: =(P34-#REF!)*PI()/4*(AK34^2-(AK34-2*AL34)^2+#REF!^2-(#REF!-#REF!*2)^2)/2*AJ34 -> #REF! | AG34: =M34 -> 28 | AH34: 210000000000 | AI34: 80769000000 | AJ34: 7850 | AK34: =D34 -> 4.3 | AL34: =E34/1000 -> 0.032
B35: 13 | C35: 16.347 | D35: 4.3 | E35: 34 | F35: S355 | G35: 3576.99 | H35: 217700000000 | I35: 18410000000 | J35: 167500000000 | K35: 16275.2 | M35: =M34+1 -> 29 | N35: 0 | O35: 0 | P35: =C35 -> 16.347 | Q35: 1 | R35: 0 | S35: 0 | T35: 0 | U35: 0 | X35: =X34+1 -> 29 | Y35: =X35 -> 29 | Z35: =Y35+1 -> 30 | AA35: =Y35 -> 29 | AB35: =Z35 -> 30 | AC35: 1c | AD35: 0 | AE35: =(P35-#REF!)*PI()/4*(AK35^2-(AK35-2*AL35)^2+#REF!^2-(#REF!-#REF!*2)^2)/2*AJ35 -> #REF! | AG35: =M35 -> 29 | AH35: 210000000000 | AI35: 80769000000 | AJ35: 7850 | AK35: =D35 -> 4.3 | AL35: =E35/1000 -> 0.034
B36: 11 | C36: 14.06 | D36: 4.3 | E36: 36 | F36: S355 | G36: 3785.64 | H36: 230200000000 | I36: 19480000000 | J36: 177100000000 | K36: 17208.6 | M36: =M35+1 -> 30 | N36: 0 | O36: 0 | P36: =C36 -> 14.06 | Q36: 1 | R36: 0 | S36: 0 | T36: 0 | U36: 0 | X36: =X35+1 -> 30 | Y36: =X36 -> 30 | Z36: =Y36+1 -> 31 | AA36: =Y36 -> 30 | AB36: =Z36 -> 31 | AC36: 1c | AD36: 0 | AE36: =(P36-#REF!)*PI()/4*(AK36^2-(AK36-2*AL36)^2+#REF!^2-(#REF!-#REF!*2)^2)/2*AJ36 -> #REF! | AG36: =M36 -> 30 | AH36: 210000000000 | AI36: 80769000000 | AJ36: 7850 | AK36: =D36 -> 4.3 | AL36: =E36/1000 -> 0.036
B37: 9 | C37: 11.28 | D37: 4.3 | E37: 38 | F37: S355 | G37: 3994.09 | H37: 242600000000 | I37: 20560000000 | J37: 186700000000 | K37: 18139.2 | M37: =M36+1 -> 31 | N37: 0 | O37: 0 | P37: =C37 -> 11.28 | Q37: 1 | R37: 0 | S37: 0 | T37: 0 | U37: 0 | X37: =X36+1 -> 31 | Y37: =X37 -> 31 | Z37: =Y37+1 -> 32 | AA37: =Y37 -> 31 | AB37: =Z37 -> 32 | AC37: 1c | AD37: 0 | AE37: =(P37-P38)*PI()/4*(AK37^2-(AK37-2*AL37)^2+AK38^2-(AK38-AL38*2)^2)/2*AJ37 -> 11103.538 | AG37: =M37 -> 31 | AH37: 210000000000 | AI37: 80769000000 | AJ37: 7850 | AK37: =D37 -> 4.3 | AL37: =E37/1000 -> 0.038
B38: 8 | C38: 8.5 | D38: 4.3 | E38: 38 | F38: S355 | G38: 3994.09 | H38: 242600000000 | I38: 20560000000 | J38: 186700000000 | K38: 18139.2 | M38: =M37+1 -> 32 | N38: 0 | O38: 0 | P38: =C38 -> 8.5 | Q38: 1 | R38: 0 | S38: 0 | T38: 0 | U38: 0 | X38: =X37+1 -> 32 | Y38: =X38 -> 32 | Z38: =Y38+1 -> 33 | AA38: =Y38 -> 32 | AB38: =Z38 -> 33 | AC38: 1c | AD38: 0 | AE38: =(P38-#REF!)*PI()/4*(AK38^2-(AK38-2*AL38)^2+#REF!^2-(#REF!-#REF!*2)^2)/2*AJ38 -> #REF! | AG38: =M38 -> 32 | AH38: 210000000000 | AI38: 80769000000 | AJ38: 7850 | AK38: =D38 -> 4.3 | AL38: =E38/1000 -> 0.038
B39: 6 | C39: 6.1 | D39: 4.3 | E39: 42 | F39: S355 | G39: 4410.37 | H39: 267400000000 | I39: 22700000000 | J39: 205800000000 | K39: 19992.6 | M39: =M38+1 -> 33 | N39: 0 | O39: 0 | P39: =C39 -> 6.1 | Q39: 1 | R39: 0 | S39: 0 | T39: 0 | U39: 0 | X39: =X38+1 -> 33 | Y39: =X39 -> 33 | Z39: =Y39+1 -> 34 | AA39: =Y39 -> 33 | AB39: =Z39 -> 34 | AC39: 1c | AD39: 0 | AE39: =(P39-#REF!)*PI()/4*(AK39^2-(AK39-2*AL39)^2+#REF!^2-(#REF!-#REF!*2)^2)/2*AJ39 -> #REF! | AG39: =M39 -> 33 | AH39: 210000000000 | AI39: 80769000000 | AJ39: 7850 | AK39: =D39 -> 4.3 | AL39: =E39/1000 -> 0.042
B40: 4 | C40: 3.55 | D40: 4.3 | E40: 48 | F40: S355 | G40: 5033.32 | H40: 304300000000 | I40: 25900000000 | J40: 234200000000 | K40: 22752.9 | M40: =M39+1 -> 34 | N40: 0 | O40: 0 | P40: =C40 -> 3.55 | Q40: 1 | R40: 0 | S40: 0 | T40: 0 | U40: 0 | X40: =X39+1 -> 34 | Y40: =X40 -> 34 | Z40: =Y40+1 -> 35 | AA40: =Y40 -> 34 | AB40: =Z40 -> 35 | AC40: 1c | AD40: 0 | AE40: =(P40-P41)*PI()/4*(AK40^2-(AK40-2*AL40)^2+AK41^2-(AK41-AL41*2)^2)/2*AJ40 -> 12834.951 | AG40: =M40 -> 34 | AH40: 210000000000 | AI40: 80769000000 | AJ40: 7850 | AK40: =D40 -> 4.3 | AL40: =E40/1000 -> 0.048
B41: 3 | C41: 1 | D41: 4.3 | E41: 48 | F41: S355 | G41: 5033.32 | H41: 304300000000 | I41: 25900000000 | J41: 234200000000 | K41: 22752.9 | M41: =M40+1 -> 35 | N41: 0 | O41: 0 | P41: =C41 -> 1 | Q41: 1 | R41: 0 | S41: 0 | T41: 0 | U41: 0 | X41: =X40+1 -> 35 | Y41: =X41 -> 35 | Z41: =Y41+1 -> 36 | AA41: =Y41 -> 35 | AB41: =Z41 -> 36 | AC41: 1c | AD41: 0 | AE41: =(P41-P42)*PI()/4*(AK41^2-(AK41-2*AL41)^2+AK42^2-(AK42-AL42*2)^2)/2*AJ41 -> 2516.657 | AG41: =M41 -> 35 | AH41: 210000000000 | AI41: 80769000000 | AJ41: 7850 | AK41: =D41 -> 4.3 | AL41: =E41/1000 -> 0.048
B42: 2 | C42: 0.5 | D42: 4.3 | E42: 48 | F42: S355 | G42: 5033.32 | H42: 304300000000 | I42: 25900000000 | J42: 234200000000 | K42: 22752.9 | M42: =M41+1 -> 36 | N42: 0 | O42: 0 | P42: =C42 -> 0.5 | Q42: 1 | R42: 0 | S42: 0 | T42: 0 | U42: 0 | X42: =X41+1 -> 36 | Y42: =X42 -> 36 | Z42: =Y42+1 -> 37 | AA42: =Y42 -> 36 | AB42: =Z42 -> 37 | AC42: 1c | AD42: 0 | AE42: =(P42-P43)*PI()/4*(AK42^2-(AK42-2*AL42)^2+AK43^2-(AK43-AL43*2)^2)/2*AJ42 -> 2516.657 | AG42: =M42 -> 36 | AH42: 210000000000 | AI42: 80769000000 | AJ42: 7850 | AK42: =D42 -> 4.3 | AL42: =E42/1000 -> 0.048
B43: 1 | C43: 0 | D43: 4.3 | E43: 48 | F43: S355 | G43: 5033.32 | H43: 304300000000 | I43: 25900000000 | J43: 234200000000 | K43: 22752.9 | M43: =M42+1 -> 37 | N43: 0 | O43: 0 | P43: =C43 -> 0 | Q43: 1 | R43: 0 | S43: 0 | T43: 0 | U43: 0 | AG43: =M43 -> 37 | AH43: 210000000000 | AI43: 80769000000 | AJ43: 7850 | AK43: =D43 -> 4.3 | AL43: =E43/1000 -> 0.048

Sheet 3mwFlator+2ndTower
B2: Node | C2: H(m) | D2: X(m) | E2: Y(m) | F2: M(kg) | G2: Mooring | I2: Member | J2: Node | K2: Dia(m) | L2: Th(mm) | M2: Material | N2: Flooded? | O2: MG(mm) | P2: M(kg/m) | S2: BS(Nm^2) | U2: SS(N) | Y2: TS(Nm^2) | Z2: M(kgm) | AA2: AS(N) | AD2: Sealed? | AJ2: OffX | AK2: OffY | AL2: OffZ | AN2: JointID | AO2: JointXss | AP2: JointYss | AQ2: JointZss | AR2: JointType | AS2: JointDirX | AT2: JointDirY | AU2: JointDirZ | AV2: JointStiff | AX2: MemberID | AY2: MJointID1 | AZ2: MJointID2 | BA2: MPropSetID1 | BB2: MPropSetID2 | BC2: MType | BD2: MSpin/COSMID | BF2: PropSetID | BG2: YoungE | BH2: ShearG | BI2: MatDens | BJ2: XsecD | BK2: XsecT | BM2: MemberID | BN2: MJointID1 | BO2: MJointID2 | BP2: MPropSetID1 | BQ2: MPropSetID2 | BR2: MType | BS2: MSpin/COSMID | BU2: PropSetID | BV2: YoungE | BW2: ShearG | BX2: MatDens | BY2: XsecD | BZ2: XsecT
B3: 1 | C3: -14 | D3: 0 | E3: 0 | F3: 0 | I3: 1.1 | J3: 1 | K3: 5 | L3: 24 | M3: Floater | N3: No | O3: 0 | P3: 0.0003752 | Q3: 0 | R3: 0 | S3: 243900000000 | T3: 243900000000 | U3: 15160000000 | V3: 15160000000 | W3: 0 | X3: 0 | Y3: 187700000000 | Z3: 0.002322 | AA3: 78790000000 | AB3: 0.65 | AC3: N/A | AD3: Yes | AE3: BEM | AF3: Hydrodynamics | AG3: (with | AH3: Morison | AI3: drag) | AJ3: 0 | AK3: 0 | AL3: 0 | AN3: =B3 -> 1 | AO3: =D3 -> 0 | AP3: =E3 -> 0 | AQ3: =C3 -> -14 | AR3: 1 | AS3: 0 | AT3: 0 | AU3: 0 | AV3: 0 | AX3: =IF(I3="", "", INT(I3)) -> 1 | AY3: =IF(AX3="","",J3) -> 1 | AZ3: =IF(AX3="","",J4) -> 2 | BA3: =IF(AX3="","",AX3) -> 1 | BB3: =IF(AX3="","",AX3) -> 1 | BC3: =IF(AX3="","","1c") -> 1c | BD3: =IF(AX3="","","0") -> 0 | BF3: =IF(AX3="","",AX3) -> 1 | BG3: =IF(AX3="","","2.10E+11") -> 2.10E+11 | BH3: =IF(AX3="","","8.08E+10") -> 8.08E+10 | BI3: =IF(AX3="","","7850") -> 7850 | BJ3: =IF(AX3="","",K3) -> 5 | BK3: =IF(AX3="","",L3/1000) -> 0.024 | BM3: {=_xlfn._xlws.FILTER(AX3:BK1000, AX3:AX1000<>"")} -> 1 | BN3: 1 | BO3: 2 | BP3: 1 | BQ3: 1 | BR3: 1c | BS3: 0 | BT3: 0 | BU3: 1 | BV3: 2.10E+11 | BW3: 8.08E+10 | BX3: 7850 | BY3: 5 | BZ3: 0.024
B4: =B3+1 -> 2 | C4: -12 | D4: 0 | E4: 0 | F4: 0 | I4: 1.2 | J4: 2 | K4: 5 | L4: 24 | M4: Floater | N4: No | O4: 0 | P4: 0.0003752 | Q4: 0 | R4: 0 | S4: 243900000000 | T4: 243900000000 | U4: 15160000000 | V4: 15160000000 | W4: 0 | X4: 0 | Y4: 187700000000 | Z4: 0.002322 | AA4: 78790000000 | AB4: 0.65 | AC4: N/A | AD4: Yes | AE4: BEM | AF4: Hydrodynamics | AG4: (with | AH4: Morison | AI4: drag) | AJ4: 0 | AK4: 0 | AL4: 0 | AN4: =B4 -> 2 | AO4: =D4 -> 0 | AP4: =E4 -> 0 | AQ4: =C4 -> -12 | AR4: 1 | AS4: 0 | AT4: 0 | AU4: 0 | AV4: 0 | AY4: =IF(AX4="","",J4) | AZ4: =IF(AX4="","",J5) | BA4: =IF(AX4="","",AX4) | BB4: =IF(AX4="","",AX4) | BC4: =IF(AX4="","","1c") | BD4: =IF(AX4="","","0") | BF4: =IF(AX4="","",AX4) | BG4: =IF(AX4="","","2.10E+11") | BH4: =IF(AX4="","","8.08E+10") | BI4: =IF(AX4="","","7850") | BJ4: =IF(AX4="","",K4) | BK4: =IF(AX4="","",L4/1000) | BM4: 2 | BN4: 2 | BO4: 3 | BP4: 2 | BQ4: 2 | BR4: 1c | BS4: 0 | BT4: 0 | BU4: 2 | BV4: 2.10E+11 | BW4: 8.08E+10 | BX4: 7850 | BY4: 5 | BZ4: 0.024
B5: =B4+1 -> 3 | C5: -10 | D5: 0 | E5: 0 | F5: 0 | I5: =I3+1 -> 2.1 | J5: 2 | K5: 5 | L5: 24 | M5: Floater | N5: No | O5: 0 | P5: 0.0003752 | Q5: 0 | R5: 0 | S5: 243900000000 | T5: 243900000000 | U5: 15160000000 | V5: 15160000000 | W5: 0 | X5: 0 | Y5: 187700000000 | Z5: 0.002322 | AA5: 78790000000 | AB5: 0.65 | AC5: N/A | AD5: Yes | AE5: BEM | AF5: Hydrodynamics | AG5: (with | AH5: Morison | AI5: drag) | AJ5: 0 | AK5: 0 | AL5: 0 | AN5: =B5 -> 3 | AO5: =D5 -> 0 | AP5: =E5 -> 0 | AQ5: =C5 -> -10 | AR5: 1 | AS5: 0 | AT5: 0 | AU5: 0 | AV5: 0 | AX5: =IF(I5="", "", INT(I5)) -> 2 | AY5: =IF(AX5="","",J5) -> 2 | AZ5: =IF(AX5="","",J6) -> 3 | BA5: =IF(AX5="","",AX5) -> 2 | BB5: =IF(AX5="","",AX5) -> 2 | BC5: =IF(AX5="","","1c") -> 1c | BD5: =IF(AX5="","","0") -> 0 | BF5: =IF(AX5="","",AX5) -> 2 | BG5: =IF(AX5="","","2.10E+11") -> 2.10E+11 | BH5: =IF(AX5="","","8.08E+10") -> 8.08E+10 | BI5: =IF(AX5="","","7850") -> 7850 | BJ5: =IF(AX5="","",K5) -> 5 | BK5: =IF(AX5="","",L5/1000) -> 0.024 | BM5: 3 | BN5: 3 | BO5: 4 | BP5: 3 | BQ5: 3 | BR5: 1c | BS5: 0 | BT5: 0 | BU5: 3 | BV5: 2.10E+11 | BW5: 8.08E+10 | BX5: 7850 | BY5: 5 | BZ5: 0.024
B6: =B5+1 -> 4 | C6: -8 | D6: 0 | E6: 0 | F6: 0 | I6: =I4+1 -> 2.2 | J6: 3 | K6: 5 | L6: 24 | M6: Floater | N6: No | O6: 0 | P6: 0.0003752 | Q6: 0 | R6: 0 | S6: 243900000000 | T6: 243900000000 | U6: 15160000000 | V6: 15160000000 | W6: 0 | X6: 0 | Y6: 187700000000 | Z6: 0.002322 | AA6: 78790000000 | AB6: 0.65 | AC6: N/A | AD6: Yes | AE6: BEM | AF6: Hydrodynamics | AG6: (with | AH6: Morison | AI6: drag) | AJ6: 0 | AK6: 0 | AL6: 0 | AN6: =B6 -> 4 | AO6: =D6 -> 0 | AP6: =E6 -> 0 | AQ6: =C6 -> -8 | AR6: 1 | AS6: 0 | AT6: 0 | AU6: 0 | AV6: 0 | AY6: =IF(AX6="","",J6) | AZ6: =IF(AX6="","",J7) | BA6: =IF(AX6="","",AX6) | BB6: =IF(AX6="","",AX6) | BC6: =IF(AX6="","","1c") | BD6: =IF(AX6="","","0") | BF6: =IF(AX6="","",AX6) | BG6: =IF(AX6="","","2.10E+11") | BH6: =IF(AX6="","","8.08E+10") | BI6: =IF(AX6="","","7850") | BJ6: =IF(AX6="","",K6) | BK6: =IF(AX6="","",L6/1000) | BM6: 4 | BN6: 4 | BO6: 5 | BP6: 4 | BQ6: 4 | BR6: 1c | BS6: 0 | BT6: 0 | BU6: 4 | BV6: 2.10E+11 | BW6: 8.08E+10 | BX6: 7850 | BY6: 5 | BZ6: 0.024
B7: =B6+1 -> 5 | C7: -6 | D7: 0 | E7: 0 | F7: 0 | I7: =I5+1 -> 3.1 | J7: 3 | K7: 5 | L7: 24 | M7: Floater | N7: No | O7: 0 | P7: 0.0003752 | Q7: 0 | R7: 0 | S7: 243900000000 | T7: 243900000000 | U7: 15160000000 | V7: 15160000000 | W7: 0 | X7: 0 | Y7: 187700000000 | Z7: 0.002322 | AA7: 78790000000 | AB7: 0.65 | AC7: N/A | AD7: Yes | AE7: BEM | AF7: Hydrodynamics | AG7: (with | AH7: Morison | AI7: drag) | AJ7: 0 | AK7: 0 | AL7: 0 | AN7: =B7 -> 5 | AO7: =D7 -> 0 | AP7: =E7 -> 0 | AQ7: =C7 -> -6 | AR7: 1 | AS7: 0 | AT7: 0 | AU7: 0 | AV7: 0 | AX7: =IF(I7="", "", INT(I7)) -> 3 | AY7: =IF(AX7="","",J7) -> 3 | AZ7: =IF(AX7="","",J8) -> 4 | BA7: =IF(AX7="","",AX7) -> 3 | BB7: =IF(AX7="","",AX7) -> 3 | BC7: =IF(AX7="","","1c") -> 1c | BD7: =IF(AX7="","","0") -> 0 | BF7: =IF(AX7="","",AX7) -> 3 | BG7: =IF(AX7="","","2.10E+11") -> 2.10E+11 | BH7: =IF(AX7="","","8.08E+10") -> 8.08E+10 | BI7: =IF(AX7="","","7850") -> 7850 | BJ7: =IF(AX7="","",K7) -> 5 | BK7: =IF(AX7="","",L7/1000) -> 0.024 | BM7: 5 | BN7: 5 | BO7: 6 | BP7: 5 | BQ7: 5 | BR7: 1c | BS7: 0 | BT7: 0 | BU7: 5 | BV7: 2.10E+11 | BW7: 8.08E+10 | BX7: 7850 | BY7: 5 | BZ7: 0.024
B8: =B7+1 -> 6 | C8: -4 | D8: 0 | E8: 0 | F8: 0 | I8: =I6+1 -> 3.2 | J8: 4 | K8: 5 | L8: 24 | M8: Floater | N8: No | O8: 0 | P8: 0.0003752 | Q8: 0 | R8: 0 | S8: 243900000000 | T8: 243900000000 | U8: 15160000000 | V8: 15160000000 | W8: 0 | X8: 0 | Y8: 187700000000 | Z8: 0.002322 | AA8: 78790000000 | AB8: 0.65 | AC8: N/A | AD8: Yes | AE8: BEM | AF8: Hydrodynamics | AG8: (with | AH8: Morison | AI8: drag) | AJ8: 0 | AK8: 0 | AL8: 0 | AN8: =B8 -> 6 | AO8: =D8 -> 0 | AP8: =E8 -> 0 | AQ8: =C8 -> -4 | AR8: 1 | AS8: 0 | AT8: 0 | AU8: 0 | AV8: 0 | AY8: =IF(AX8="","",J8) | AZ8: =IF(AX8="","",J9) | BA8: =IF(AX8="","",AX8) | BB8: =IF(AX8="","",AX8) | BC8: =IF(AX8="","","1c") | BD8: =IF(AX8="","","0") | BF8: =IF(AX8="","",AX8) | BG8: =IF(AX8="","","2.10E+11") | BH8: =IF(AX8="","","8.08E+10") | BI8: =IF(AX8="","","7850") | BJ8: =IF(AX8="","",K8) | BK8: =IF(AX8="","",L8/1000) | BM8: 6 | BN8: 6 | BO8: 7 | BP8: 6 | BQ8: 6 | BR8: 1c | BS8: 0 | BT8: 0 | BU8: 6 | BV8: 2.10E+11 | BW8: 8.08E+10 | BX8: 7850 | BY8: 5 | BZ8: 0.024
B9: =B8+1 -> 7 | C9: -2 | D9: 0 | E9: 0 | F9: 0 | I9: =I7+1 -> 4.1 | J9: 4 | K9: 5 | L9: 24 | M9: Floater | N9: No | O9: 0 | P9: 0.0003752 | Q9: 0 | R9: 0 | S9: 243900000000 | T9: 243900000000 | U9: 15160000000 | V9: 15160000000 | W9: 0 | X9: 0 | Y9: 187700000000 | Z9: 0.002322 | AA9: 78790000000 | AB9: 0.65 | AC9: N/A | AD9: Yes | AE9: BEM | AF9: Hydrodynamics | AG9: (with | AH9: Morison | AI9: drag) | AJ9: 0 | AK9: 0 | AL9: 0 | AN9: =B9 -> 7 | AO9: =D9 -> 0 | AP9: =E9 -> 0 | AQ9: =C9 -> -2 | AR9: 1 | AS9: 0 | AT9: 0 | AU9: 0 | AV9: 0 | AX9: =IF(I9="", "", INT(I9)) -> 4 | AY9: =IF(AX9="","",J9) -> 4 | AZ9: =IF(AX9="","",J10) -> 5 | BA9: =IF(AX9="","",AX9) -> 4 | BB9: =IF(AX9="","",AX9) -> 4 | BC9: =IF(AX9="","","1c") -> 1c | BD9: =IF(AX9="","","0") -> 0 | BF9: =IF(AX9="","",AX9) -> 4 | BG9: =IF(AX9="","","2.10E+11") -> 2.10E+11 | BH9: =IF(AX9="","","8.08E+10") -> 8.08E+10 | BI9: =IF(AX9="","","7850") -> 7850 | BJ9: =IF(AX9="","",K9) -> 5 | BK9: =IF(AX9="","",L9/1000) -> 0.024 | BM9: 7 | BN9: 7 | BO9: 8 | BP9: 7 | BQ9: 7 | BR9: 1c | BS9: 0 | BT9: 0 | BU9: 7 | BV9: 2.10E+11 | BW9: 8.08E+10 | BX9: 7850 | BY9: 5 | BZ9: 0.024
B10: =B9+1 -> 8 | C10: 0 | D10: 0 | E10: 0 | F10: 0 | G10: TLM1 | I10: =I8+1 -> 4.2 | J10: 5 | K10: 5 | L10: 24 | M10: Floater | N10: No | O10: 0 | P10: 0.0003752 | Q10: 0 | R10: 0 | S10: 243900000000 | T10: 243900000000 | U10: 15160000000 | V10: 15160000000 | W10: 0 | X10: 0 | Y10: 187700000000 | Z10: 0.002322 | AA10: 78790000000 | AB10: 0.65 | AC10: N/A | AD10: Yes | AE10: BEM | AF10: Hydrodynamics | AG10: (with | AH10: Morison | AI10: drag) | AJ10: 0 | AK10: 0 | AL10: 0 | AN10: =B10 -> 8 | AO10: =D10 -> 0 | AP10: =E10 -> 0 | AQ10: =C10 -> 0 | AR10: 1 | AS10: 0 | AT10: 0 | AU10: 0 | AV10: 0 | AY10: =IF(AX10="","",J10) | AZ10: =IF(AX10="","",J11) | BA10: =IF(AX10="","",AX10) | BB10: =IF(AX10="","",AX10) | BC10: =IF(AX10="","","1c") | BD10: =IF(AX10="","","0") | BF10: =IF(AX10="","",AX10) | BG10: =IF(AX10="","","2.10E+11") | BH10: =IF(AX10="","","8.08E+10") | BI10: =IF(AX10="","","7850") | BJ10: =IF(AX10="","",K10) | BK10: =IF(AX10="","",L10/1000) | BM10: 8 | BN10: 8 | BO10: 9 | BP10: 8 | BQ10: 8 | BR10: 1c | BS10: 0 | BT10: 0 | BU10: 8 | BV10: 2.10E+11 | BW10: 8.08E+10 | BX10: 7850 | BY10: 5 | BZ10: 0.035
B11: =B10+1 -> 9 | C11: 1.797 | D11: 0 | E11: 0 | F11: 0 | I11: =I9+1 -> 5.1 | J11: 5 | K11: 5 | L11: 24 | M11: Floater | N11: No | O11: 0 | P11: 0.0003752 | Q11: 0 | R11: 0 | S11: 243900000000 | T11: 243900000000 | U11: 15160000000 | V11: 15160000000 | W11: 0 | X11: 0 | Y11: 187700000000 | Z11: 0.002322 | AA11: 78790000000 | AB11: 0.65 | AC11: N/A | AD11: Yes | AE11: BEM | AF11: Hydrodynamics | AG11: (with | AH11: Morison | AI11: drag) | AJ11: 0 | AK11: 0 | AL11: 0 | AN11: =B11 -> 9 | AO11: =D11 -> 0 | AP11: =E11 -> 0 | AQ11: =C11 -> 1.797 | AR11: 1 | AS11: 0 | AT11: 0 | AU11: 0 | AV11: 0 | AX11: =IF(I11="", "", INT(I11)) -> 5 | AY11: =IF(AX11="","",J11) -> 5 | AZ11: =IF(AX11="","",J12) -> 6 | BA11: =IF(AX11="","",AX11) -> 5 | BB11: =IF(AX11="","",AX11) -> 5 | BC11: =IF(AX11="","","1c") -> 1c | BD11: =IF(AX11="","","0") -> 0 | BF11: =IF(AX11="","",AX11) -> 5 | BG11: =IF(AX11="","","2.10E+11") -> 2.10E+11 | BH11: =IF(AX11="","","8.08E+10") -> 8.08E+10 | BI11: =IF(AX11="","","7850") -> 7850 | BJ11: =IF(AX11="","",K11) -> 5 | BK11: =IF(AX11="","",L11/1000) -> 0.024 | BM11: 9 | BN11: 9 | BO11: 10 | BP11: 9 | BQ11: 9 | BR11: 1c | BS11: 0 | BT11: 0 | BU11: 9 | BV11: 2.10E+11 | BW11: 8.08E+10 | BX11: 7850 | BY11: 5 | BZ11: 0.035
B12: =B11+1 -> 10 | C12: 4 | D12: 0 | E12: 0 | F12: 0 | I12: =I10+1 -> 5.2 | J12: 6 | K12: 5 | L12: 24 | M12: Floater | N12: No | O12: 0 | P12: 0.0003752 | Q12: 0 | R12: 0 | S12: 243900000000 | T12: 243900000000 | U12: 15160000000 | V12: 15160000000 | W12: 0 | X12: 0 | Y12: 187700000000 | Z12: 0.002322 | AA12: 78790000000 | AB12: 0.65 | AC12: N/A | AD12: Yes | AE12: BEM | AF12: Hydrodynamics | AG12: (with | AH12: Morison | AI12: drag) | AJ12: 0 | AK12: 0 | AL12: 0 | AN12: =B12 -> 10 | AO12: =D12 -> 0 | AP12: =E12 -> 0 | AQ12: =C12 -> 4 | AR12: 1 | AS12: 0 | AT12: 0 | AU12: 0 | AV12: 0 | AY12: =IF(AX12="","",J12) | AZ12: =IF(AX12="","",J13) | BA12: =IF(AX12="","",AX12) | BB12: =IF(AX12="","",AX12) | BC12: =IF(AX12="","","1c") | BD12: =IF(AX12="","","0") | BF12: =IF(AX12="","",AX12) | BG12: =IF(AX12="","","2.10E+11") | BH12: =IF(AX12="","","8.08E+10") | BI12: =IF(AX12="","","7850") | BJ12: =IF(AX12="","",K12) | BK12: =IF(AX12="","",L12/1000) | BM12: 10 | BN12: 10 | BO12: 11 | BP12: 10 | BQ12: 10 | BR12: 1c | BS12: 0 | BT12: 0 | BU12: 10 | BV12: 2.10E+11 | BW12: 8.08E+10 | BX12: 7850 | BY12: 5 | BZ12: 0.035
B13: =B12+1 -> 11 | C13: 6 | D13: 0 | E13: 0 | F13: 0 | I13: =I11+1 -> 6.1 | J13: 6 | K13: 5 | L13: 24 | M13: Floater | N13: No | O13: 0 | P13: 0.0003752 | Q13: 0 | R13: 0 | S13: 243900000000 | T13: 243900000000 | U13: 15160000000 | V13: 15160000000 | W13: 0 | X13: 0 | Y13: 187700000000 | Z13: 0.002322 | AA13: 78790000000 | AB13: 0.65 | AC13: N/A | AD13: Yes | AE13: BEM | AF13: Hydrodynamics | AG13: (with | AH13: Morison | AI13: drag) | AJ13: 0 | AK13: 0 | AL13: 0 | AN13: =B13 -> 11 | AO13: =D13 -> 0 | AP13: =E13 -> 0 | AQ13: =C13 -> 6 | AR13: 1 | AS13: 0 | AT13: 0 | AU13: 0 | AV13: 0 | AX13: =IF(I13="", "", INT(I13)) -> 6 | AY13: =IF(AX13="","",J13) -> 6 | AZ13: =IF(AX13="","",J14) -> 7 | BA13: =IF(AX13="","",AX13) -> 6 | BB13: =IF(AX13="","",AX13) -> 6 | BC13: =IF(AX13="","","1c") -> 1c | BD13: =IF(AX13="","","0") -> 0 | BF13: =IF(AX13="","",AX13) -> 6 | BG13: =IF(AX13="","","2.10E+11") -> 2.10E+11 | BH13: =IF(AX13="","","8.08E+10") -> 8.08E+10 | BI13: =IF(AX13="","","7850") -> 7850 | BJ13: =IF(AX13="","",K13) -> 5 | BK13: =IF(AX13="","",L13/1000) -> 0.024 | BM13: 11 | BN13: 11 | BO13: 12 | BP13: 11 | BQ13: 11 | BR13: 1c | BS13: 0 | BT13: 0 | BU13: 11 | BV13: 2.10E+11 | BW13: 8.08E+10 | BX13: 7850 | BY13: 5 | BZ13: 0.035
B14: =B13+1 -> 12 | C14: 8 | D14: 0 | E14: 0 | F14: 0 | I14: =I12+1 -> 6.2 | J14: 7 | K14: 5 | L14: 24 | M14: Floater | N14: No | O14: 0 | P14: 0.0003752 | Q14: 0 | R14: 0 | S14: 243900000000 | T14: 243900000000 | U14: 15160000000 | V14: 15160000000 | W14: 0 | X14: 0 | Y14: 187700000000 | Z14: 0.002322 | AA14: 78790000000 | AB14: 0.65 | AC14: N/A | AD14: Yes | AE14: BEM | AF14: Hydrodynamics | AG14: (with | AH14: Morison | AI14: drag) | AJ14: 0 | AK14: 0 | AL14: 0 | AN14: =B14 -> 12 | AO14: =D14 -> 0 | AP14: =E14 -> 0 | AQ14: =C14 -> 8 | AR14: 1 | AS14: 0 | AT14: 0 | AU14: 0 | AV14: 0 | AY14: =IF(AX14="","",J14) | AZ14: =IF(AX14="","",J15) | BA14: =IF(AX14="","",AX14) | BB14: =IF(AX14="","",AX14) | BC14: =IF(AX14="","","1c") | BD14: =IF(AX14="","","0") | BF14: =IF(AX14="","",AX14) | BG14: =IF(AX14="","","2.10E+11") | BH14: =IF(AX14="","","8.08E+10") | BI14: =IF(AX14="","","7850") | BJ14: =IF(AX14="","",K14) | BK14: =IF(AX14="","",L14/1000) | BM14: 12 | BN14: 12 | BO14: 13 | BP14: 12 | BQ14: 12 | BR14: 1c | BS14: 0 | BT14: 0 | BU14: 12 | BV14: 2.10E+11 | BW14: 8.08E+10 | BX14: 7850 | BY14: 5 | BZ14: 0.035
B15: =B14+1 -> 13 | C15: 9.3 | D15: 0 | E15: 0 | F15: 0 | I15: =I13+1 -> 7.1 | J15: 7 | K15: 5 | L15: 24 | M15: Floater | N15: No | O15: 0 | P15: 0.0003752 | Q15: 0 | R15: 0 | S15: 243900000000 | T15: 243900000000 | U15: 15160000000 | V15: 15160000000 | W15: 0 | X15: 0 | Y15: 187700000000 | Z15: 0.002322 | AA15: 78790000000 | AB15: 0.65 | AC15: N/A | AD15: Yes | AE15: BEM | AF15: Hydrodynamics | AG15: (with | AH15: Morison | AI15: drag) | AJ15: 0 | AK15: 0 | AL15: 0 | AN15: =B15 -> 13 | AO15: =D15 -> 0 | AP15: =E15 -> 0 | AQ15: =C15 -> 9.3 | AR15: 1 | AS15: 0 | AT15: 0 | AU15: 0 | AV15: 0 | AX15: =IF(I15="", "", INT(I15)) -> 7 | AY15: =IF(AX15="","",J15) -> 7 | AZ15: =IF(AX15="","",J16) -> 8 | BA15: =IF(AX15="","",AX15) -> 7 | BB15: =IF(AX15="","",AX15) -> 7 | BC15: =IF(AX15="","","1c") -> 1c | BD15: =IF(AX15="","","0") -> 0 | BF15: =IF(AX15="","",AX15) -> 7 | BG15: =IF(AX15="","","2.10E+11") -> 2.10E+11 | BH15: =IF(AX15="","","8.08E+10") -> 8.08E+10 | BI15: =IF(AX15="","","7850") -> 7850 | BJ15: =IF(AX15="","",K15) -> 5 | BK15: =IF(AX15="","",L15/1000) -> 0.024 | BM15: 13 | BN15: 13 | BO15: 14 | BP15: 13 | BQ15: 13 | BR15: 1c | BS15: 0 | BT15: 0 | BU15: 13 | BV15: 2.10E+11 | BW15: 8.08E+10 | BX15: 7850 | BY15: 5 | BZ15: 0.035
B16: =B15+1 -> 14 | C16: 10 | D16: 0 | E16: 0 | F16: 0 | I16: =I14+1 -> 7.2 | J16: 8 | K16: 5 | L16: 24 | M16: Floater | N16: No | O16: 0 | P16: 0.0003752 | Q16: 0 | R16: 0 | S16: 243900000000 | T16: 243900000000 | U16: 15160000000 | V16: 15160000000 | W16: 0 | X16: 0 | Y16: 187700000000 | Z16: 0.002322 | AA16: 78790000000 | AB16: 0.65 | AC16: N/A | AD16: Yes | AE16: BEM | AF16: Hydrodynamics | AG16: (with | AH16: Morison | AI16: drag) | AJ16: 0 | AK16: 0 | AL16: 0 | AN16: =B16 -> 14 | AO16: =D16 -> 0 | AP16: =E16 -> 0 | AQ16: =C16 -> 10 | AR16: 1 | AS16: 0 | AT16: 0 | AU16: 0 | AV16: 0 | AY16: =IF(AX16="","",J16) | AZ16: =IF(AX16="","",J17) | BA16: =IF(AX16="","",AX16) | BB16: =IF(AX16="","",AX16) | BC16: =IF(AX16="","","1c") | BD16: =IF(AX16="","","0") | BF16: =IF(AX16="","",AX16) | BG16: =IF(AX16="","","2.10E+11") | BH16: =IF(AX16="","","8.08E+10") | BI16: =IF(AX16="","","7850") | BJ16: =IF(AX16="","",K16) | BK16: =IF(AX16="","",L16/1000) | BM16: 14 | BN16: 14 | BO16: 15 | BP16: 14 | BQ16: 14 | BR16: 1c | BS16: 0 | BT16: 0 | BU16: 14 | BV16: 2.10E+11 | BW16: 8.08E+10 | BX16: 7850 | BY16: 5 | BZ16: 0.035
B17: =B16+1 -> 15 | C17: 11 | D17: 0 | E17: 0 | F17: 0 | I17: =I15+1 -> 8.1 | J17: 8 | K17: 5 | L17: 35 | M17: Floater | N17: No | O17: 0 | P17: 0.0005459 | Q17: 0 | R17: 0 | S17: 353300000000 | T17: 353300000000 | U17: 22060000000 | V17: 22060000000 | W17: 0 | X17: 0 | Y17: 271900000000 | Z17: 0.003365 | AA17: 114600000000 | AB17: 0.65 | AC17: N/A | AD17: Yes | AE17: BEM | AF17: Hydrodynamics | AG17: (with | AH17: Morison | AI17: drag) | AJ17: 0 | AK17: 0 | AL17: 0 | AN17: =B17 -> 15 | AO17: =D17 -> 0 | AP17: =E17 -> 0 | AQ17: =C17 -> 11 | AR17: 1 | AS17: 0 | AT17: 0 | AU17: 0 | AV17: 0 | AX17: =IF(I17="", "", INT(I17)) -> 8 | AY17: =IF(AX17="","",J17) -> 8 | AZ17: =IF(AX17="","",J18) -> 9 | BA17: =IF(AX17="","",AX17) -> 8 | BB17: =IF(AX17="","",AX17) -> 8 | BC17: =IF(AX17="","","1c") -> 1c | BD17: =IF(AX17="","","0") -> 0 | BF17: =IF(AX17="","",AX17) -> 8 | BG17: =IF(AX17="","","2.10E+11") -> 2.10E+11 | BH17: =IF(AX17="","","8.08E+10") -> 8.08E+10 | BI17: =IF(AX17="","","7850") -> 7850 | BJ17: =IF(AX17="","",K17) -> 5 | BK17: =IF(AX17="","",L17/1000) -> 0.035 | BM17: 15 | BN17: 16 | BO17: 17 | BP17: 15 | BQ17: 15 | BR17: 1c | BS17: 0 | BT17: 0 | BU17: 15 | BV17: 2.10E+11 | BW17: 8.08E+10 | BX17: 7850 | BY17: 10 | BZ17: 0.022
B18: =B17+1 -> 16 | C18: -14 | D18: 12.99 | E18: 22.5 | F18: 0 | I18: =I16+1 -> 8.2 | J18: 9 | K18: 5 | L18: 35 | M18: Floater | N18: No | O18: 0 | P18: 0.0005459 | Q18: 0 | R18: 0 | S18: 353300000000 | T18: 353300000000 | U18: 22060000000 | V18: 22060000000 | W18: 0 | X18: 0 | Y18: 271900000000 | Z18: 0.003365 | AA18: 114600000000 | AB18: 0.65 | AC18: N/A | AD18: Yes | AE18: BEM | AF18: Hydrodynamics | AG18: (with | AH18: Morison | AI18: drag) | AJ18: 0 | AK18: 0 | AL18: 0 | AN18: =B18 -> 16 | AO18: =D18 -> 12.99 | AP18: =E18 -> 22.5 | AQ18: =C18 -> -14 | AR18: 1 | AS18: 0 | AT18: 0 | AU18: 0 | AV18: 0 | AY18: =IF(AX18="","",J18) | AZ18: =IF(AX18="","",J19) | BA18: =IF(AX18="","",AX18) | BB18: =IF(AX18="","",AX18) | BC18: =IF(AX18="","","1c") | BD18: =IF(AX18="","","0") | BF18: =IF(AX18="","",AX18) | BG18: =IF(AX18="","","2.10E+11") | BH18: =IF(AX18="","","8.08E+10") | BI18: =IF(AX18="","","7850") | BJ18: =IF(AX18="","",K18) | BK18: =IF(AX18="","",L18/1000) | BM18: 16 | BN18: 17 | BO18: 18 | BP18: 16 | BQ18: 16 | BR18: 1c | BS18: 0 | BT18: 0 | BU18: 16 | BV18: 2.10E+11 | BW18: 8.08E+10 | BX18: 7850 | BY18: 10 | BZ18: 0.022
B19: =B18+1 -> 17 | C19: -12 | D19: 12.99 | E19: 22.5 | F19: 0 | I19: =I17+1 -> 9.1 | J19: 9 | K19: 5 | L19: 35 | M19: Floater | N19: No | O19: 0 | P19: 0.0005459 | Q19: 0 | R19: 0 | S19: 353300000000 | T19: 353300000000 | U19: 22060000000 | V19: 22060000000 | W19: 0 | X19: 0 | Y19: 271900000000 | Z19: 0.003365 | AA19: 114600000000 | AB19: 0.65 | AC19: N/A | AD19: Yes | AE19: BEM | AF19: Hydrodynamics | AG19: (with | AH19: Morison | AI19: drag) | AJ19: 0 | AK19: 0 | AL19: 0 | AN19: =B19 -> 17 | AO19: =D19 -> 12.99 | AP19: =E19 -> 22.5 | AQ19: =C19 -> -12 | AR19: 1 | AS19: 0 | AT19: 0 | AU19: 0 | AV19: 0 | AX19: =IF(I19="", "", INT(I19)) -> 9 | AY19: =IF(AX19="","",J19) -> 9 | AZ19: =IF(AX19="","",J20) -> 10 | BA19: =IF(AX19="","",AX19) -> 9 | BB19: =IF(AX19="","",AX19) -> 9 | BC19: =IF(AX19="","","1c") -> 1c | BD19: =IF(AX19="","","0") -> 0 | BF19: =IF(AX19="","",AX19) -> 9 | BG19: =IF(AX19="","","2.10E+11") -> 2.10E+11 | BH19: =IF(AX19="","","8.08E+10") -> 8.08E+10 | BI19: =IF(AX19="","","7850") -> 7850 | BJ19: =IF(AX19="","",K19) -> 5 | BK19: =IF(AX19="","",L19/1000) -> 0.035 | BM19: 17 | BN19: 18 | BO19: 19 | BP19: 17 | BQ19: 17 | BR19: 1c | BS19: 0 | BT19: 0 | BU19: 17 | BV19: 2.10E+11 | BW19: 8.08E+10 | BX19: 7850 | BY19: 10 | BZ19: 0.022
B20: =B19+1 -> 18 | C20: -10 | D20: 12.99 | E20: 22.5 | F20: 0 | I20: =I18+1 -> 9.2 | J20: 10 | K20: 5 | L20: 35 | M20: Floater | N20: No | O20: 0 | P20: 0.0005459 | Q20: 0 | R20: 0 | S20: 353300000000 | T20: 353300000000 | U20: 22060000000 | V20: 22060000000 | W20: 0 | X20: 0 | Y20: 271900000000 | Z20: 0.003365 | AA20: 114600000000 | AB20: 0.65 | AC20: N/A | AD20: Yes | AE20: BEM | AF20: Hydrodynamics | AG20: (with | AH20: Morison | AI20: drag) | AJ20: 0 | AK20: 0 | AL20: 0 | AN20: =B20 -> 18 | AO20: =D20 -> 12.99 | AP20: =E20 -> 22.5 | AQ20: =C20 -> -10 | AR20: 1 | AS20: 0 | AT20: 0 | AU20: 0 | AV20: 0 | AY20: =IF(AX20="","",J20) | AZ20: =IF(AX20="","",J21) | BA20: =IF(AX20="","",AX20) | BB20: =IF(AX20="","",AX20) | BC20: =IF(AX20="","","1c") | BD20: =IF(AX20="","","0") | BF20: =IF(AX20="","",AX20) | BG20: =IF(AX20="","","2.10E+11") | BH20: =IF(AX20="","","8.08E+10") | BI20: =IF(AX20="","","7850") | BJ20: =IF(AX20="","",K20) | BK20: =IF(AX20="","",L20/1000) | BM20: 18 | BN20: 19 | BO20: 20 | BP20: 18 | BQ20: 18 | BR20: 1c | BS20: 0 | BT20: 0 | BU20: 18 | BV20: 2.10E+11 | BW20: 8.08E+10 | BX20: 7850 | BY20: 10 | BZ20: 0.022
B21: =B20+1 -> 19 | C21: -7 | D21: 12.99 | E21: 22.5 | F21: 0 | I21: =I19+1 -> 10.1 | J21: 10 | K21: 5 | L21: 35 | M21: Floater | N21: No | O21: 0 | P21: 0.0005459 | Q21: 0 | R21: 0 | S21: 353300000000 | T21: 353300000000 | U21: 22060000000 | V21: 22060000000 | W21: 0 | X21: 0 | Y21: 271900000000 | Z21: 0.003365 | AA21: 114600000000 | AB21: 0.65 | AC21: N/A | AD21: Yes | AE21: BEM | AF21: Hydrodynamics | AG21: (with | AH21: Morison | AI21: drag) | AJ21: 0 | AK21: 0 | AL21: 0 | AN21: =B21 -> 19 | AO21: =D21 -> 12.99 | AP21: =E21 -> 22.5 | AQ21: =C21 -> -7 | AR21: 1 | AS21: 0 | AT21: 0 | AU21: 0 | AV21: 0 | AX21: =IF(I21="", "", INT(I21)) -> 10 | AY21: =IF(AX21="","",J21) -> 10 | AZ21: =IF(AX21="","",J22) -> 11 | BA21: =IF(AX21="","",AX21) -> 10 | BB21: =IF(AX21="","",AX21) -> 10 | BC21: =IF(AX21="","","1c") -> 1c | BD21: =IF(AX21="","","0") -> 0 | BF21: =IF(AX21="","",AX21) -> 10 | BG21: =IF(AX21="","","2.10E+11") -> 2.10E+11 | BH21: =IF(AX21="","","8.08E+10") -> 8.08E+10 | BI21: =IF(AX21="","","7850") -> 7850 | BJ21: =IF(AX21="","",K21) -> 5 | BK21: =IF(AX21="","",L21/1000) -> 0.035 | BM21: 19 | BN21: 20 | BO21: 21 | BP21: 19 | BQ21: 19 | BR21: 1c | BS21: 0 | BT21: 0 | BU21: 19 | BV21: 2.10E+11 | BW21: 8.08E+10 | BX21: 7850 | BY21: 10 | BZ21: 0.022
B22: =B21+1 -> 20 | C22: -6 | D22: 12.99 | E22: 22.5 | F22: 0 | I22: =I20+1 -> 10.2 | J22: 11 | K22: 5 | L22: 35 | M22: Floater | N22: No | O22: 0 | P22: 0.0005459 | Q22: 0 | R22: 0 | S22: 353300000000 | T22: 353300000000 | U22: 22060000000 | V22: 22060000000 | W22: 0 | X22: 0 | Y22: 271900000000 | Z22: 0.003365 | AA22: 114600000000 | AB22: 0.65 | AC22: N/A | AD22: Yes | AE22: BEM | AF22: Hydrodynamics | AG22: (with | AH22: Morison | AI22: drag) | AJ22: 0 | AK22: 0 | AL22: 0 | AN22: =B22 -> 20 | AO22: =D22 -> 12.99 | AP22: =E22 -> 22.5 | AQ22: =C22 -> -6 | AR22: 1 | AS22: 0 | AT22: 0 | AU22: 0 | AV22: 0 | AY22: =IF(AX22="","",J22) | AZ22: =IF(AX22="","",J23) | BA22: =IF(AX22="","",AX22) | BB22: =IF(AX22="","",AX22) | BC22: =IF(AX22="","","1c") | BD22: =IF(AX22="","","0") | BF22: =IF(AX22="","",AX22) | BG22: =IF(AX22="","","2.10E+11") | BH22: =IF(AX22="","","8.08E+10") | BI22: =IF(AX22="","","7850") | BJ22: =IF(AX22="","",K22) | BK22: =IF(AX22="","",L22/1000) | BM22: 20 | BN22: 21 | BO22: 22 | BP22: 20 | BQ22: 20 | BR22: 1c | BS22: 0 | BT22: 0 | BU22: 20 | BV22: 2.10E+11 | BW22: 8.08E+10 | BX22: 7850 | BY22: 10 | BZ22: 0.02
B23: =B22+1 -> 21 | C23: -3 | D23: 12.99 | E23: 22.5 | F23: 0 | I23: =I21+1 -> 11.1 | J23: 11 | K23: 5 | L23: 35 | M23: Floater | N23: No | O23: 0 | P23: 0.0005459 | Q23: 0 | R23: 0 | S23: 353300000000 | T23: 353300000000 | U23: 22060000000 | V23: 22060000000 | W23: 0 | X23: 0 | Y23: 271900000000 | Z23: 0.003365 | AA23: 114600000000 | AB23: 0.65 | AC23: N/A | AD23: Yes | AE23: BEM | AF23: Hydrodynamics | AG23: (with | AH23: Morison | AI23: drag) | AJ23: 0 | AK23: 0 | AL23: 0 | AN23: =B23 -> 21 | AO23: =D23 -> 12.99 | AP23: =E23 -> 22.5 | AQ23: =C23 -> -3 | AR23: 1 | AS23: 0 | AT23: 0 | AU23: 0 | AV23: 0 | AX23: =IF(I23="", "", INT(I23)) -> 11 | AY23: =IF(AX23="","",J23) -> 11 | AZ23: =IF(AX23="","",J24) -> 12 | BA23: =IF(AX23="","",AX23) -> 11 | BB23: =IF(AX23="","",AX23) -> 11 | BC23: =IF(AX23="","","1c") -> 1c | BD23: =IF(AX23="","","0") -> 0 | BF23: =IF(AX23="","",AX23) -> 11 | BG23: =IF(AX23="","","2.10E+11") -> 2.10E+11 | BH23: =IF(AX23="","","8.08E+10") -> 8.08E+10 | BI23: =IF(AX23="","","7850") -> 7850 | BJ23: =IF(AX23="","",K23) -> 5 | BK23: =IF(AX23="","",L23/1000) -> 0.035 | BM23: 21 | BN23: 22 | BO23: 23 | BP23: 21 | BQ23: 21 | BR23: 1c | BS23: 0 | BT23: 0 | BU23: 21 | BV23: 2.10E+11 | BW23: 8.08E+10 | BX23: 7850 | BY23: 10 | BZ23: 0.02
B24: =B23+1 -> 22 | C24: -2 | D24: 12.99 | E24: 22.5 | F24: 0 | I24: =I22+1 -> 11.2 | J24: 12 | K24: 5 | L24: 35 | M24: Floater | N24: No | O24: 0 | P24: 0.0005459 | Q24: 0 | R24: 0 | S24: 353300000000 | T24: 353300000000 | U24: 22060000000 | V24: 22060000000 | W24: 0 | X24: 0 | Y24: 271900000000 | Z24: 0.003365 | AA24: 114600000000 | AB24: 0.65 | AC24: N/A | AD24: Yes | AE24: BEM | AF24: Hydrodynamics | AG24: (with | AH24: Morison | AI24: drag) | AJ24: 0 | AK24: 0 | AL24: 0 | AN24: =B24 -> 22 | AO24: =D24 -> 12.99 | AP24: =E24 -> 22.5 | AQ24: =C24 -> -2 | AR24: 1 | AS24: 0 | AT24: 0 | AU24: 0 | AV24: 0 | AY24: =IF(AX24="","",J24) | AZ24: =IF(AX24="","",J25) | BA24: =IF(AX24="","",AX24) | BB24: =IF(AX24="","",AX24) | BC24: =IF(AX24="","","1c") | BD24: =IF(AX24="","","0") | BF24: =IF(AX24="","",AX24) | BG24: =IF(AX24="","","2.10E+11") | BH24: =IF(AX24="","","8.08E+10") | BI24: =IF(AX24="","","7850") | BJ24: =IF(AX24="","",K24) | BK24: =IF(AX24="","",L24/1000) | BM24: 22 | BN24: 23 | BO24: 24 | BP24: 22 | BQ24: 22 | BR24: 1c | BS24: 0 | BT24: 0 | BU24: 22 | BV24: 2.10E+11 | BW24: 8.08E+10 | BX24: 7850 | BY24: 10 | BZ24: 0.02
B25: =B24+1 -> 23 | C25: 0 | D25: 12.99 | E25: 22.5 | F25: 0 | I25: =I23+1 -> 12.1 | J25: 12 | K25: 5 | L25: 35 | M25: Floater | N25: No | O25: 0 | P25: 0.0005459 | Q25: 0 | R25: 0 | S25: 353300000000 | T25: 353300000000 | U25: 22060000000 | V25: 22060000000 | W25: 0 | X25: 0 | Y25: 271900000000 | Z25: 0.003365 | AA25: 114600000000 | AB25: 0.65 | AC25: N/A | AD25: Yes | AE25: BEM | AF25: Hydrodynamics | AG25: (with | AH25: Morison | AI25: drag) | AJ25: 0 | AK25: 0 | AL25: 0 | AN25: =B25 -> 23 | AO25: =D25 -> 12.99 | AP25: =E25 -> 22.5 | AQ25: =C25 -> 0 | AR25: 1 | AS25: 0 | AT25: 0 | AU25: 0 | AV25: 0 | AX25: =IF(I25="", "", INT(I25)) -> 12 | AY25: =IF(AX25="","",J25) -> 12 | AZ25: =IF(AX25="","",J26) -> 13 | BA25: =IF(AX25="","",AX25) -> 12 | BB25: =IF(AX25="","",AX25) -> 12 | BC25: =IF(AX25="","","1c") -> 1c | BD25: =IF(AX25="","","0") -> 0 | BF25: =IF(AX25="","",AX25) -> 12 | BG25: =IF(AX25="","","2.10E+11") -> 2.10E+11 | BH25: =IF(AX25="","","8.08E+10") -> 8.08E+10 | BI25: =IF(AX25="","","7850") -> 7850 | BJ25: =IF(AX25="","",K25) -> 5 | BK25: =IF(AX25="","",L25/1000) -> 0.035 | BM25: 23 | BN25: 24 | BO25: 25 | BP25: 23 | BQ25: 23 | BR25: 1c | BS25: 0 | BT25: 0 | BU25: 23 | BV25: 2.10E+11 | BW25: 8.08E+10 | BX25: 7850 | BY25: 10 | BZ25: 0.02
B26: =B25+1 -> 24 | C26: 2 | D26: 12.99 | E26: 22.5 | F26: 0 | I26: =I24+1 -> 12.2 | J26: 13 | K26: 5 | L26: 35 | M26: Floater | N26: No | O26: 0 | P26: 0.0005459 | Q26: 0 | R26: 0 | S26: 353300000000 | T26: 353300000000 | U26: 22060000000 | V26: 22060000000 | W26: 0 | X26: 0 | Y26: 271900000000 | Z26: 0.003365 | AA26: 114600000000 | AB26: 0.65 | AC26: N/A | AD26: Yes | AE26: BEM | AF26: Hydrodynamics | AG26: (with | AH26: Morison | AI26: drag) | AJ26: 0 | AK26: 0 | AL26: 0 | AN26: =B26 -> 24 | AO26: =D26 -> 12.99 | AP26: =E26 -> 22.5 | AQ26: =C26 -> 2 | AR26: 1 | AS26: 0 | AT26: 0 | AU26: 0 | AV26: 0 | AY26: =IF(AX26="","",J26) | AZ26: =IF(AX26="","",J27) | BA26: =IF(AX26="","",AX26) | BB26: =IF(AX26="","",AX26) | BC26: =IF(AX26="","","1c") | BD26: =IF(AX26="","","0") | BF26: =IF(AX26="","",AX26) | BG26: =IF(AX26="","","2.10E+11") | BH26: =IF(AX26="","","8.08E+10") | BI26: =IF(AX26="","","7850") | BJ26: =IF(AX26="","",K26) | BK26: =IF(AX26="","",L26/1000) | BM26: 24 | BN26: 25 | BO26: 26 | BP26: 24 | BQ26: 24 | BR26: 1c | BS26: 0 | BT26: 0 | BU26: 24 | BV26: 2.10E+11 | BW26: 8.08E+10 | BX26: 7850 | BY26: 10 | BZ26: 0.02
B27: =B26+1 -> 25 | C27: 5 | D27: 12.99 | E27: 22.5 | F27: 0 | I27: =I25+1 -> 13.1 | J27: 13 | K27: 5 | L27: 35 | M27: Floater | N27: No | O27: 0 | P27: 0.0005459 | Q27: 0 | R27: 0 | S27: 353300000000 | T27: 353300000000 | U27: 22060000000 | V27: 22060000000 | W27: 0 | X27: 0 | Y27: 271900000000 | Z27: 0.003365 | AA27: 114600000000 | AB27: 0.65 | AC27: N/A | AD27: Yes | AE27: BEM | AF27: Hydrodynamics | AG27: (with | AH27: Morison | AI27: drag) | AJ27: 0 | AK27: 0 | AL27: 0 | AN27: =B27 -> 25 | AO27: =D27 -> 12.99 | AP27: =E27 -> 22.5 | AQ27: =C27 -> 5 | AR27: 1 | AS27: 0 | AT27: 0 | AU27: 0 | AV27: 0 | AX27: =IF(I27="", "", INT(I27)) -> 13 | AY27: =IF(AX27="","",J27) -> 13 | AZ27: =IF(AX27="","",J28) -> 14 | BA27: =IF(AX27="","",AX27) -> 13 | BB27: =IF(AX27="","",AX27) -> 13 | BC27: =IF(AX27="","","1c") -> 1c | BD27: =IF(AX27="","","0") -> 0 | BF27: =IF(AX27="","",AX27) -> 13 | BG27: =IF(AX27="","","2.10E+11") -> 2.10E+11 | BH27: =IF(AX27="","","8.08E+10") -> 8.08E+10 | BI27: =IF(AX27="","","7850") -> 7850 | BJ27: =IF(AX27="","",K27) -> 5 | BK27: =IF(AX27="","",L27/1000) -> 0.035 | BM27: 25 | BN27: 26 | BO27: 27 | BP27: 25 | BQ27: 25 | BR27: 1c | BS27: 0 | BT27: 0 | BU27: 25 | BV27: 2.10E+11 | BW27: 8.08E+10 | BX27: 7850 | BY27: 10 | BZ27: 0.02
B28: =B27+1 -> 26 | C28: 6 | D28: 12.99 | E28: 22.5 | F28: 0 | I28: =I26+1 -> 13.2 | J28: 14 | K28: 5 | L28: 35 | M28: Floater | N28: No | O28: 0 | P28: 0.0005459 | Q28: 0 | R28: 0 | S28: 353300000000 | T28: 353300000000 | U28: 22060000000 | V28: 22060000000 | W28: 0 | X28: 0 | Y28: 271900000000 | Z28: 0.003365 | AA28: 114600000000 | AB28: 0.65 | AC28: N/A | AD28: Yes | AE28: BEM | AF28: Hydrodynamics | AG28: (with | AH28: Morison | AI28: drag) | AJ28: 0 | AK28: 0 | AL28: 0 | AN28: =B28 -> 26 | AO28: =D28 -> 12.99 | AP28: =E28 -> 22.5 | AQ28: =C28 -> 6 | AR28: 1 | AS28: 0 | AT28: 0 | AU28: 0 | AV28: 0 | AY28: =IF(AX28="","",J28) | AZ28: =IF(AX28="","",J29) | BA28: =IF(AX28="","",AX28) | BB28: =IF(AX28="","",AX28) | BC28: =IF(AX28="","","1c") | BD28: =IF(AX28="","","0") | BF28: =IF(AX28="","",AX28) | BG28: =IF(AX28="","","2.10E+11") | BH28: =IF(AX28="","","8.08E+10") | BI28: =IF(AX28="","","7850") | BJ28: =IF(AX28="","",K28) | BK28: =IF(AX28="","",L28/1000) | BM28: 26 | BN28: 27 | BO28: 28 | BP28: 26 | BQ28: 26 | BR28: 1c | BS28: 0 | BT28: 0 | BU28: 26 | BV28: 2.10E+11 | BW28: 8.08E+10 | BX28: 7850 | BY28: 10 | BZ28: 0.02
B29: =B28+1 -> 27 | C29: 8 | D29: 12.99 | E29: 22.5 | F29: 0 | I29: =I27+1 -> 14.1 | J29: 14 | K29: 5 | L29: 35 | M29: Floater | N29: No | O29: 0 | P29: 0.0005459 | Q29: 0 | R29: 0 | S29: 353300000000 | T29: 353300000000 | U29: 22060000000 | V29: 22060000000 | W29: 0 | X29: 0 | Y29: 271900000000 | Z29: 0.003365 | AA29: 114600000000 | AB29: 0.65 | AC29: N/A | AD29: Yes | AE29: BEM | AF29: Hydrodynamics | AG29: (with | AH29: Morison | AI29: drag) | AJ29: 0 | AK29: 0 | AL29: 0 | AN29: =B29 -> 27 | AO29: =D29 -> 12.99 | AP29: =E29 -> 22.5 | AQ29: =C29 -> 8 | AR29: 1 | AS29: 0 | AT29: 0 | AU29: 0 | AV29: 0 | AX29: =IF(I29="", "", INT(I29)) -> 14 | AY29: =IF(AX29="","",J29) -> 14 | AZ29: =IF(AX29="","",J30) -> 15 | BA29: =IF(AX29="","",AX29) -> 14 | BB29: =IF(AX29="","",AX29) -> 14 | BC29: =IF(AX29="","","1c") -> 1c | BD29: =IF(AX29="","","0") -> 0 | BF29: =IF(AX29="","",AX29) -> 14 | BG29: =IF(AX29="","","2.10E+11") -> 2.10E+11 | BH29: =IF(AX29="","","8.08E+10") -> 8.08E+10 | BI29: =IF(AX29="","","7850") -> 7850 | BJ29: =IF(AX29="","",K29) -> 5 | BK29: =IF(AX29="","",L29/1000) -> 0.035 | BM29: 27 | BN29: 28 | BO29: 29 | BP29: 27 | BQ29: 27 | BR29: 1c | BS29: 0 | BT29: 0 | BU29: 27 | BV29: 2.10E+11 | BW29: 8.08E+10 | BX29: 7850 | BY29: 10 | BZ29: 0.02
B30: =B29+1 -> 28 | C30: 9.3 | D30: 12.99 | E30: 22.5 | F30: 0 | I30: =I28+1 -> 14.2 | J30: 15 | K30: 5 | L30: 35 | M30: Floater | N30: No | O30: 0 | P30: 0.0005459 | Q30: 0 | R30: 0 | S30: 353300000000 | T30: 353300000000 | U30: 22060000000 | V30: 22060000000 | W30: 0 | X30: 0 | Y30: 271900000000 | Z30: 0.003365 | AA30: 114600000000 | AB30: 0.65 | AC30: N/A | AD30: Yes | AE30: BEM | AF30: Hydrodynamics | AG30: (with | AH30: Morison | AI30: drag) | AJ30: 0 | AK30: 0 | AL30: 0 | AN30: =B30 -> 28 | AO30: =D30 -> 12.99 | AP30: =E30 -> 22.5 | AQ30: =C30 -> 9.3 | AR30: 1 | AS30: 0 | AT30: 0 | AU30: 0 | AV30: 0 | AY30: =IF(AX30="","",J30) | AZ30: =IF(AX30="","",J31) | BA30: =IF(AX30="","",AX30) | BB30: =IF(AX30="","",AX30) | BC30: =IF(AX30="","","1c") | BD30: =IF(AX30="","","0") | BF30: =IF(AX30="","",AX30) | BG30: =IF(AX30="","","2.10E+11") | BH30: =IF(AX30="","","8.08E+10") | BI30: =IF(AX30="","","7850") | BJ30: =IF(AX30="","",K30) | BK30: =IF(AX30="","",L30/1000) | BM30: 28 | BN30: 29 | BO30: 30 | BP30: 28 | BQ30: 28 | BR30: 1c | BS30: 0 | BT30: 0 | BU30: 28 | BV30: 2.10E+11 | BW30: 8.08E+10 | BX30: 7850 | BY30: 10 | BZ30: 0.02
B31: =B30+1 -> 29 | C31: 10 | D31: 12.99 | E31: 22.5 | F31: 0 | I31: =I29+1 -> 15.1 | J31: 16 | K31: 10 | L31: 22 | M31: Floater | N31: No | O31: 0 | P31: 0.0006896 | Q31: 0 | R31: 0 | S31: 1802000000000 | T31: 1802000000000 | U31: 27860000000 | V31: 27860000000 | W31: 0 | X31: 0 | Y31: 1387000000000 | Z31: 0.017165 | AA31: 144800000000 | AB31: 0.65 | AC31: N/A | AD31: Yes | AE31: BEM | AF31: Hydrodynamics | AG31: (with | AH31: Morison | AI31: drag) | AJ31: 0 | AK31: 0 | AL31: 0 | AN31: =B31 -> 29 | AO31: =D31 -> 12.99 | AP31: =E31 -> 22.5 | AQ31: =C31 -> 10 | AR31: 1 | AS31: 0 | AT31: 0 | AU31: 0 | AV31: 0 | AX31: =IF(I31="", "", INT(I31)) -> 15 | AY31: =IF(AX31="","",J31) -> 16 | AZ31: =IF(AX31="","",J32) -> 17 | BA31: =IF(AX31="","",AX31) -> 15 | BB31: =IF(AX31="","",AX31) -> 15 | BC31: =IF(AX31="","","1c") -> 1c | BD31: =IF(AX31="","","0") -> 0 | BF31: =IF(AX31="","",AX31) -> 15 | BG31: =IF(AX31="","","2.10E+11") -> 2.10E+11 | BH31: =IF(AX31="","","8.08E+10") -> 8.08E+10 | BI31: =IF(AX31="","","7850") -> 7850 | BJ31: =IF(AX31="","",K31) -> 10 | BK31: =IF(AX31="","",L31/1000) -> 0.022 | BM31: 29 | BN31: 31 | BO31: 32 | BP31: 29 | BQ31: 29 | BR31: 1c | BS31: 0 | BT31: 0 | BU31: 29 | BV31: 2.10E+11 | BW31: 8.08E+10 | BX31: 7850 | BY31: 10 | BZ31: 0.022
B32: =B31+1 -> 30 | C32: 11 | D32: 12.99 | E32: 22.5 | F32: 0 | I32: =I30+1 -> 15.2 | J32: 17 | K32: 10 | L32: 22 | M32: Floater | N32: No | O32: 0 | P32: 0.0006896 | Q32: 0 | R32: 0 | S32: 1802000000000 | T32: 1802000000000 | U32: 27860000000 | V32: 27860000000 | W32: 0 | X32: 0 | Y32: 1387000000000 | Z32: 0.017165 | AA32: 144800000000 | AB32: 0.65 | AC32: N/A | AD32: Yes | AE32: BEM | AF32: Hydrodynamics | AG32: (with | AH32: Morison | AI32: drag) | AJ32: 0 | AK32: 0 | AL32: 0 | AN32: =B32 -> 30 | AO32: =D32 -> 12.99 | AP32: =E32 -> 22.5 | AQ32: =C32 -> 11 | AR32: 1 | AS32: 0 | AT32: 0 | AU32: 0 | AV32: 0 | AY32: =IF(AX32="","",J32) | AZ32: =IF(AX32="","",J33) | BA32: =IF(AX32="","",AX32) | BB32: =IF(AX32="","",AX32) | BC32: =IF(AX32="","","1c") | BD32: =IF(AX32="","","0") | BF32: =IF(AX32="","",AX32) | BG32: =IF(AX32="","","2.10E+11") | BH32: =IF(AX32="","","8.08E+10") | BI32: =IF(AX32="","","7850") | BJ32: =IF(AX32="","",K32) | BK32: =IF(AX32="","",L32/1000) | BM32: 30 | BN32: 32 | BO32: 33 | BP32: 30 | BQ32: 30 | BR32: 1c | BS32: 0 | BT32: 0 | BU32: 30 | BV32: 2.10E+11 | BW32: 8.08E+10 | BX32: 7850 | BY32: 10 | BZ32: 0.022
B33: =B32+1 -> 31 | C33: -14 | D33: -25.98 | E33: 0 | F33: 0 | I33: =I31+1 -> 16.1 | J33: 17 | K33: 10 | L33: 22 | M33: Floater | N33: No | O33: 0 | P33: 0.0006896 | Q33: 0 | R33: 0 | S33: 1802000000000 | T33: 1802000000000 | U33: 27860000000 | V33: 27860000000 | W33: 0 | X33: 0 | Y33: 1387000000000 | Z33: 0.017165 | AA33: 144800000000 | AB33: 0.65 | AC33: N/A | AD33: Yes | AE33: BEM | AF33: Hydrodynamics | AG33: (with | AH33: Morison | AI33: drag) | AJ33: 0 | AK33: 0 | AL33: 0 | AN33: =B33 -> 31 | AO33: =D33 -> -25.98 | AP33: =E33 -> 0 | AQ33: =C33 -> -14 | AR33: 1 | AS33: 0 | AT33: 0 | AU33: 0 | AV33: 0 | AX33: =IF(I33="", "", INT(I33)) -> 16 | AY33: =IF(AX33="","",J33) -> 17 | AZ33: =IF(AX33="","",J34) -> 18 | BA33: =IF(AX33="","",AX33) -> 16 | BB33: =IF(AX33="","",AX33) -> 16 | BC33: =IF(AX33="","","1c") -> 1c | BD33: =IF(AX33="","","0") -> 0 | BF33: =IF(AX33="","",AX33) -> 16 | BG33: =IF(AX33="","","2.10E+11") -> 2.10E+11 | BH33: =IF(AX33="","","8.08E+10") -> 8.08E+10 | BI33: =IF(AX33="","","7850") -> 7850 | BJ33: =IF(AX33="","",K33) -> 10 | BK33: =IF(AX33="","",L33/1000) -> 0.022 | BM33: 31 | BN33: 33 | BO33: 34 | BP33: 31 | BQ33: 31 | BR33: 1c | BS33: 0 | BT33: 0 | BU33: 31 | BV33: 2.10E+11 | BW33: 8.08E+10 | BX33: 7850 | BY33: 10 | BZ33: 0.022
B34: =B33+1 -> 32 | C34: -12 | D34: -25.98 | E34: 0 | F34: 0 | I34: =I32+1 -> 16.2 | J34: 18 | K34: 10 | L34: 22 | M34: Floater | N34: No | O34: 0 | P34: 0.0006896 | Q34: 0 | R34: 0 | S34: 1802000000000 | T34: 1802000000000 | U34: 27860000000 | V34: 27860000000 | W34: 0 | X34: 0 | Y34: 1387000000000 | Z34: 0.017165 | AA34: 144800000000 | AB34: 0.65 | AC34: N/A | AD34: Yes | AE34: BEM | AF34: Hydrodynamics | AG34: (with | AH34: Morison | AI34: drag) | AJ34: 0 | AK34: 0 | AL34: 0 | AN34: =B34 -> 32 | AO34: =D34 -> -25.98 | AP34: =E34 -> 0 | AQ34: =C34 -> -12 | AR34: 1 | AS34: 0 | AT34: 0 | AU34: 0 | AV34: 0 | AY34: =IF(AX34="","",J34) | AZ34: =IF(AX34="","",J35) | BA34: =IF(AX34="","",AX34) | BB34: =IF(AX34="","",AX34) | BC34: =IF(AX34="","","1c") | BD34: =IF(AX34="","","0") | BF34: =IF(AX34="","",AX34) | BG34: =IF(AX34="","","2.10E+11") | BH34: =IF(AX34="","","8.08E+10") | BI34: =IF(AX34="","","7850") | BJ34: =IF(AX34="","",K34) | BK34: =IF(AX34="","",L34/1000) | BM34: 32 | BN34: 34 | BO34: 35 | BP34: 32 | BQ34: 32 | BR34: 1c | BS34: 0 | BT34: 0 | BU34: 32 | BV34: 2.10E+11 | BW34: 8.08E+10 | BX34: 7850 | BY34: 10 | BZ34: 0.022
B35: =B34+1 -> 33 | C35: -10 | D35: -25.98 | E35: 0 | F35: 0 | I35: =I33+1 -> 17.1 | J35: 18 | K35: 10 | L35: 22 | M35: Floater | N35: No | O35: 0 | P35: 0.0006896 | Q35: 0 | R35: 0 | S35: 1802000000000 | T35: 1802000000000 | U35: 27860000000 | V35: 27860000000 | W35: 0 | X35: 0 | Y35: 1387000000000 | Z35: 0.017165 | AA35: 144800000000 | AB35: 0.65 | AC35: N/A | AD35: Yes | AE35: BEM | AF35: Hydrodynamics | AG35: (with | AH35: Morison | AI35: drag) | AJ35: 0 | AK35: 0 | AL35: 0 | AN35: =B35 -> 33 | AO35: =D35 -> -25.98 | AP35: =E35 -> 0 | AQ35: =C35 -> -10 | AR35: 1 | AS35: 0 | AT35: 0 | AU35: 0 | AV35: 0 | AX35: =IF(I35="", "", INT(I35)) -> 17 | AY35: =IF(AX35="","",J35) -> 18 | AZ35: =IF(AX35="","",J36) -> 19 | BA35: =IF(AX35="","",AX35) -> 17 | BB35: =IF(AX35="","",AX35) -> 17 | BC35: =IF(AX35="","","1c") -> 1c | BD35: =IF(AX35="","","0") -> 0 | BF35: =IF(AX35="","",AX35) -> 17 | BG35: =IF(AX35="","","2.10E+11") -> 2.10E+11 | BH35: =IF(AX35="","","8.08E+10") -> 8.08E+10 | BI35: =IF(AX35="","","7850") -> 7850 | BJ35: =IF(AX35="","",K35) -> 10 | BK35: =IF(AX35="","",L35/1000) -> 0.022 | BM35: 33 | BN35: 35 | BO35: 36 | BP35: 33 | BQ35: 33 | BR35: 1c | BS35: 0 | BT35: 0 | BU35: 33 | BV35: 2.10E+11 | BW35: 8.08E+10 | BX35: 7850 | BY35: 10 | BZ35: 0.022
B36: =B35+1 -> 34 | C36: -7 | D36: -25.98 | E36: 0 | F36: 0 | I36: =I34+1 -> 17.2 | J36: 19 | K36: 10 | L36: 22 | M36: Floater | N36: No | O36: 0 | P36: 0.0006896 | Q36: 0 | R36: 0 | S36: 1802000000000 | T36: 1802000000000 | U36: 27860000000 | V36: 27860000000 | W36: 0 | X36: 0 | Y36: 1387000000000 | Z36: 0.017165 | AA36: 144800000000 | AB36: 0.65 | AC36: N/A | AD36: Yes | AE36: BEM | AF36: Hydrodynamics | AG36: (with | AH36: Morison | AI36: drag) | AJ36: 0 | AK36: 0 | AL36: 0 | AN36: =B36 -> 34 | AO36: =D36 -> -25.98 | AP36: =E36 -> 0 | AQ36: =C36 -> -7 | AR36: 1 | AS36: 0 | AT36: 0 | AU36: 0 | AV36: 0 | AY36: =IF(AX36="","",J36) | AZ36: =IF(AX36="","",J37) | BA36: =IF(AX36="","",AX36) | BB36: =IF(AX36="","",AX36) | BC36: =IF(AX36="","","1c") | BD36: =IF(AX36="","","0") | BF36: =IF(AX36="","",AX36) | BG36: =IF(AX36="","","2.10E+11") | BH36: =IF(AX36="","","8.08E+10") | BI36: =IF(AX36="","","7850") | BJ36: =IF(AX36="","",K36) | BK36: =IF(AX36="","",L36/1000) | BM36: 34 | BN36: 36 | BO36: 37 | BP36: 34 | BQ36: 34 | BR36: 1c | BS36: 0 | BT36: 0 | BU36: 34 | BV36: 2.10E+11 | BW36: 8.08E+10 | BX36: 7850 | BY36: 10 | BZ36: 0.02
B37: =B36+1 -> 35 | C37: -6 | D37: -25.98 | E37: 0 | F37: 0 | I37: =I35+1 -> 18.1 | J37: 19 | K37: 10 | L37: 22 | M37: Floater | N37: No | O37: 0 | P37: 0.0006896 | Q37: 0 | R37: 0 | S37: 1802000000000 | T37: 1802000000000 | U37: 27860000000 | V37: 27860000000 | W37: 0 | X37: 0 | Y37: 1387000000000 | Z37: 0.017165 | AA37: 144800000000 | AB37: 0.65 | AC37: N/A | AD37: Yes | AE37: BEM | AF37: Hydrodynamics | AG37: (with | AH37: Morison | AI37: drag) | AJ37: 0 | AK37: 0 | AL37: 0 | AN37: =B37 -> 35 | AO37: =D37 -> -25.98 | AP37: =E37 -> 0 | AQ37: =C37 -> -6 | AR37: 1 | AS37: 0 | AT37: 0 | AU37: 0 | AV37: 0 | AX37: =IF(I37="", "", INT(I37)) -> 18 | AY37: =IF(AX37="","",J37) -> 19 | AZ37: =IF(AX37="","",J38) -> 20 | BA37: =IF(AX37="","",AX37) -> 18 | BB37: =IF(AX37="","",AX37) -> 18 | BC37: =IF(AX37="","","1c") -> 1c | BD37: =IF(AX37="","","0") -> 0 | BF37: =IF(AX37="","",AX37) -> 18 | BG37: =IF(AX37="","","2.10E+11") -> 2.10E+11 | BH37: =IF(AX37="","","8.08E+10") -> 8.08E+10 | BI37: =IF(AX37="","","7850") -> 7850 | BJ37: =IF(AX37="","",K37) -> 10 | BK37: =IF(AX37="","",L37/1000) -> 0.022 | BM37: 35 | BN37: 37 | BO37: 38 | BP37: 35 | BQ37: 35 | BR37: 1c | BS37: 0 | BT37: 0 | BU37: 35 | BV37: 2.10E+11 | BW37: 8.08E+10 | BX37: 7850 | BY37: 10 | BZ37: 0.02
B38: =B37+1 -> 36 | C38: -3 | D38: -25.98 | E38: 0 | F38: 0 | I38: =I36+1 -> 18.2 | J38: 20 | K38: 10 | L38: 22 | M38: Floater | N38: No | O38: 0 | P38: 0.0006896 | Q38: 0 | R38: 0 | S38: 1802000000000 | T38: 1802000000000 | U38: 27860000000 | V38: 27860000000 | W38: 0 | X38: 0 | Y38: 1387000000000 | Z38: 0.017165 | AA38: 144800000000 | AB38: 0.65 | AC38: N/A | AD38: Yes | AE38: BEM | AF38: Hydrodynamics | AG38: (with | AH38: Morison | AI38: drag) | AJ38: 0 | AK38: 0 | AL38: 0 | AN38: =B38 -> 36 | AO38: =D38 -> -25.98 | AP38: =E38 -> 0 | AQ38: =C38 -> -3 | AR38: 1 | AS38: 0 | AT38: 0 | AU38: 0 | AV38: 0 | AY38: =IF(AX38="","",J38) | AZ38: =IF(AX38="","",J39) | BA38: =IF(AX38="","",AX38) | BB38: =IF(AX38="","",AX38) | BC38: =IF(AX38="","","1c") | BD38: =IF(AX38="","","0") | BF38: =IF(AX38="","",AX38) | BG38: =IF(AX38="","","2.10E+11") | BH38: =IF(AX38="","","8.08E+10") | BI38: =IF(AX38="","","7850") | BJ38: =IF(AX38="","",K38) | BK38: =IF(AX38="","",L38/1000) | BM38: 36 | BN38: 38 | BO38: 39 | BP38: 36 | BQ38: 36 | BR38: 1c | BS38: 0 | BT38: 0 | BU38: 36 | BV38: 2.10E+11 | BW38: 8.08E+10 | BX38: 7850 | BY38: 10 | BZ38: 0.02
B39: =B38+1 -> 37 | C39: -2 | D39: -25.98 | E39: 0 | F39: 0 | I39: =I37+1 -> 19.1 | J39: 20 | K39: 10 | L39: 22 | M39: Floater | N39: No | O39: 0 | P39: 0.0006896 | Q39: 0 | R39: 0 | S39: 1802000000000 | T39: 1802000000000 | U39: 27860000000 | V39: 27860000000 | W39: 0 | X39: 0 | Y39: 1387000000000 | Z39: 0.017165 | AA39: 144800000000 | AB39: 0.65 | AC39: N/A | AD39: Yes | AE39: BEM | AF39: Hydrodynamics | AG39: (with | AH39: Morison | AI39: drag) | AJ39: 0 | AK39: 0 | AL39: 0 | AN39: =B39 -> 37 | AO39: =D39 -> -25.98 | AP39: =E39 -> 0 | AQ39: =C39 -> -2 | AR39: 1 | AS39: 0 | AT39: 0 | AU39: 0 | AV39: 0 | AX39: =IF(I39="", "", INT(I39)) -> 19 | AY39: =IF(AX39="","",J39) -> 20 | AZ39: =IF(AX39="","",J40) -> 21 | BA39: =IF(AX39="","",AX39) -> 19 | BB39: =IF(AX39="","",AX39) -> 19 | BC39: =IF(AX39="","","1c") -> 1c | BD39: =IF(AX39="","","0") -> 0 | BF39: =IF(AX39="","",AX39) -> 19 | BG39: =IF(AX39="","","2.10E+11") -> 2.10E+11 | BH39: =IF(AX39="","","8.08E+10") -> 8.08E+10 | BI39: =IF(AX39="","","7850") -> 7850 | BJ39: =IF(AX39="","",K39) -> 10 | BK39: =IF(AX39="","",L39/1000) -> 0.022 | BM39: 37 | BN39: 39 | BO39: 40 | BP39: 37 | BQ39: 37 | BR39: 1c | BS39: 0 | BT39: 0 | BU39: 37 | BV39: 2.10E+11 | BW39: 8.08E+10 | BX39: 7850 | BY39: 10 | BZ39: 0.02
B40: =B39+1 -> 38 | C40: 0 | D40: -25.98 | E40: 0 | F40: 0 | I40: =I38+1 -> 19.2 | J40: 21 | K40: 10 | L40: 22 | M40: Floater | N40: No | O40: 0 | P40: 0.0006896 | Q40: 0 | R40: 0 | S40: 1802000000000 | T40: 1802000000000 | U40: 27860000000 | V40: 27860000000 | W40: 0 | X40: 0 | Y40: 1387000000000 | Z40: 0.017165 | AA40: 144800000000 | AB40: 0.65 | AC40: N/A | AD40: Yes | AE40: BEM | AF40: Hydrodynamics | AG40: (with | AH40: Morison | AI40: drag) | AJ40: 0 | AK40: 0 | AL40: 0 | AN40: =B40 -> 38 | AO40: =D40 -> -25.98 | AP40: =E40 -> 0 | AQ40: =C40 -> 0 | AR40: 1 | AS40: 0 | AT40: 0 | AU40: 0 | AV40: 0 | AY40: =IF(AX40="","",J40) | AZ40: =IF(AX40="","",J41) | BA40: =IF(AX40="","",AX40) | BB40: =IF(AX40="","",AX40) | BC40: =IF(AX40="","","1c") | BD40: =IF(AX40="","","0") | BF40: =IF(AX40="","",AX40) | BG40: =IF(AX40="","","2.10E+11") | BH40: =IF(AX40="","","8.08E+10") | BI40: =IF(AX40="","","7850") | BJ40: =IF(AX40="","",K40) | BK40: =IF(AX40="","",L40/1000) | BM40: 38 | BN40: 40 | BO40: 41 | BP40: 38 | BQ40: 38 | BR40: 1c | BS40: 0 | BT40: 0 | BU40: 38 | BV40: 2.10E+11 | BW40: 8.08E+10 | BX40: 7850 | BY40: 10 | BZ40: 0.02
B41: =B40+1 -> 39 | C41: 2 | D41: -25.98 | E41: 0 | F41: 0 | I41: =I39+1 -> 20.1 | J41: 21 | K41: 10 | L41: 20 | M41: Floater | N41: No | O41: 0 | P41: 0.0006271 | Q41: 0 | R41: 0 | S41: 1639000000000 | T41: 1639000000000 | U41: 25330000000 | V41: 25330000000 | W41: 0 | X41: 0 | Y41: 1262000000000 | Z41: 0.015614 | AA41: 131700000000 | AB41: 0.65 | AC41: N/A | AD41: Yes | AE41: BEM | AF41: Hydrodynamics | AG41: (with | AH41: Morison | AI41: drag) | AJ41: 0 | AK41: 0 | AL41: 0 | AN41: =B41 -> 39 | AO41: =D41 -> -25.98 | AP41: =E41 -> 0 | AQ41: =C41 -> 2 | AR41: 1 | AS41: 0 | AT41: 0 | AU41: 0 | AV41: 0 | AX41: =IF(I41="", "", INT(I41)) -> 20 | AY41: =IF(AX41="","",J41) -> 21 | AZ41: =IF(AX41="","",J42) -> 22 | BA41: =IF(AX41="","",AX41) -> 20 | BB41: =IF(AX41="","",AX41) -> 20 | BC41: =IF(AX41="","","1c") -> 1c | BD41: =IF(AX41="","","0") -> 0 | BF41: =IF(AX41="","",AX41) -> 20 | BG41: =IF(AX41="","","2.10E+11") -> 2.10E+11 | BH41: =IF(AX41="","","8.08E+10") -> 8.08E+10 | BI41: =IF(AX41="","","7850") -> 7850 | BJ41: =IF(AX41="","",K41) -> 10 | BK41: =IF(AX41="","",L41/1000) -> 0.02 | BM41: 39 | BN41: 41 | BO41: 42 | BP41: 39 | BQ41: 39 | BR41: 1c | BS41: 0 | BT41: 0 | BU41: 39 | BV41: 2.10E+11 | BW41: 8.08E+10 | BX41: 7850 | BY41: 10 | BZ41: 0.02
B42: =B41+1 -> 40 | C42: 5 | D42: -25.98 | E42: 0 | F42: 0 | I42: =I40+1 -> 20.2 | J42: 22 | K42: 10 | L42: 20 | M42: Floater | N42: No | O42: 0 | P42: 0.0006271 | Q42: 0 | R42: 0 | S42: 1639000000000 | T42: 1639000000000 | U42: 25330000000 | V42: 25330000000 | W42: 0 | X42: 0 | Y42: 1262000000000 | Z42: 0.015614 | AA42: 131700000000 | AB42: 0.65 | AC42: N/A | AD42: Yes | AE42: BEM | AF42: Hydrodynamics | AG42: (with | AH42: Morison | AI42: drag) | AJ42: 0 | AK42: 0 | AL42: 0 | AN42: =B42 -> 40 | AO42: =D42 -> -25.98 | AP42: =E42 -> 0 | AQ42: =C42 -> 5 | AR42: 1 | AS42: 0 | AT42: 0 | AU42: 0 | AV42: 0 | AY42: =IF(AX42="","",J42) | AZ42: =IF(AX42="","",J43) | BA42: =IF(AX42="","",AX42) | BB42: =IF(AX42="","",AX42) | BC42: =IF(AX42="","","1c") | BD42: =IF(AX42="","","0") | BF42: =IF(AX42="","",AX42) | BG42: =IF(AX42="","","2.10E+11") | BH42: =IF(AX42="","","8.08E+10") | BI42: =IF(AX42="","","7850") | BJ42: =IF(AX42="","",K42) | BK42: =IF(AX42="","",L42/1000) | BM42: 40 | BN42: 42 | BO42: 43 | BP42: 40 | BQ42: 40 | BR42: 1c | BS42: 0 | BT42: 0 | BU42: 40 | BV42: 2.10E+11 | BW42: 8.08E+10 | BX42: 7850 | BY42: 10 | BZ42: 0.02
B43: =B42+1 -> 41 | C43: 6 | D43: -25.98 | E43: 0 | F43: 0 | I43: =I41+1 -> 21.1 | J43: 22 | K43: 10 | L43: 20 | M43: Floater | N43: No | O43: 0 | P43: 0.0006271 | Q43: 0 | R43: 0 | S43: 1639000000000 | T43: 1639000000000 | U43: 25330000000 | V43: 25330000000 | W43: 0 | X43: 0 | Y43: 1262000000000 | Z43: 0.015614 | AA43: 131700000000 | AB43: 0.65 | AC43: N/A | AD43: Yes | AE43: BEM | AF43: Hydrodynamics | AG43: (with | AH43: Morison | AI43: drag) | AJ43: 0 | AK43: 0 | AL43: 0 | AN43: =B43 -> 41 | AO43: =D43 -> -25.98 | AP43: =E43 -> 0 | AQ43: =C43 -> 6 | AR43: 1 | AS43: 0 | AT43: 0 | AU43: 0 | AV43: 0 | AX43: =IF(I43="", "", INT(I43)) -> 21 | AY43: =IF(AX43="","",J43) -> 22 | AZ43: =IF(AX43="","",J44) -> 23 | BA43: =IF(AX43="","",AX43) -> 21 | BB43: =IF(AX43="","",AX43) -> 21 | BC43: =IF(AX43="","","1c") -> 1c | BD43: =IF(AX43="","","0") -> 0 | BF43: =IF(AX43="","",AX43) -> 21 | BG43: =IF(AX43="","","2.10E+11") -> 2.10E+11 | BH43: =IF(AX43="","","8.08E+10") -> 8.08E+10 | BI43: =IF(AX43="","","7850") -> 7850 | BJ43: =IF(AX43="","",K43) -> 10 | BK43: =IF(AX43="","",L43/1000) -> 0.02 | BM43: 41 | BN43: 43 | BO43: 44 | BP43: 41 | BQ43: 41 | BR43: 1c | BS43: 0 | BT43: 0 | BU43: 41 | BV43: 2.10E+11 | BW43: 8.08E+10 | BX43: 7850 | BY43: 10 | BZ43: 0.02
B44: =B43+1 -> 42 | C44: 8 | D44: -25.98 | E44: 0 | F44: 0 | I44: =I42+1 -> 21.2 | J44: 23 | K44: 10 | L44: 20 | M44: Floater | N44: No | O44: 0 | P44: 0.0006271 | Q44: 0 | R44: 0 | S44: 1639000000000 | T44: 1639000000000 | U44: 25330000000 | V44: 25330000000 | W44: 0 | X44: 0 | Y44: 1262000000000 | Z44: 0.015614 | AA44: 131700000000 | AB44: 0.65 | AC44: N/A | AD44: Yes | AE44: BEM | AF44: Hydrodynamics | AG44: (with | AH44: Morison | AI44: drag) | AJ44: 0 | AK44: 0 | AL44: 0 | AN44: =B44 -> 42 | AO44: =D44 -> -25.98 | AP44: =E44 -> 0 | AQ44: =C44 -> 8 | AR44: 1 | AS44: 0 | AT44: 0 | AU44: 0 | AV44: 0 | AY44: =IF(AX44="","",J44) | AZ44: =IF(AX44="","",J45) | BA44: =IF(AX44="","",AX44) | BB44: =IF(AX44="","",AX44) | BC44: =IF(AX44="","","1c") | BD44: =IF(AX44="","","0") | BF44: =IF(AX44="","",AX44) | BG44: =IF(AX44="","","2.10E+11") | BH44: =IF(AX44="","","8.08E+10") | BI44: =IF(AX44="","","7850") | BJ44: =IF(AX44="","",K44) | BK44: =IF(AX44="","",L44/1000) | BM44: 42 | BN44: 44 | BO44: 45 | BP44: 42 | BQ44: 42 | BR44: 1c | BS44: 0 | BT44: 0 | BU44: 42 | BV44: 2.10E+11 | BW44: 8.08E+10 | BX44: 7850 | BY44: 10 | BZ44: 0.02
B45: =B44+1 -> 43 | C45: 9.3 | D45: -25.98 | E45: 0 | F45: 0 | I45: =I43+1 -> 22.1 | J45: 23 | K45: 10 | L45: 20 | M45: Floater | N45: No | O45: 0 | P45: 0.0006271 | Q45: 0 | R45: 0 | S45: 1639000000000 | T45: 1639000000000 | U45: 25330000000 | V45: 25330000000 | W45: 0 | X45: 0 | Y45: 1262000000000 | Z45: 0.015614 | AA45: 131700000000 | AB45: 0.65 | AC45: N/A | AD45: Yes | AE45: BEM | AF45: Hydrodynamics | AG45: (with | AH45: Morison | AI45: drag) | AJ45: 0 | AK45: 0 | AL45: 0 | AN45: =B45 -> 43 | AO45: =D45 -> -25.98 | AP45: =E45 -> 0 | AQ45: =C45 -> 9.3 | AR45: 1 | AS45: 0 | AT45: 0 | AU45: 0 | AV45: 0 | AX45: =IF(I45="", "", INT(I45)) -> 22 | AY45: =IF(AX45="","",J45) -> 23 | AZ45: =IF(AX45="","",J46) -> 24 | BA45: =IF(AX45="","",AX45) -> 22 | BB45: =IF(AX45="","",AX45) -> 22 | BC45: =IF(AX45="","","1c") -> 1c | BD45: =IF(AX45="","","0") -> 0 | BF45: =IF(AX45="","",AX45) -> 22 | BG45: =IF(AX45="","","2.10E+11") -> 2.10E+11 | BH45: =IF(AX45="","","8.08E+10") -> 8.08E+10 | BI45: =IF(AX45="","","7850") -> 7850 | BJ45: =IF(AX45="","",K45) -> 10 | BK45: =IF(AX45="","",L45/1000) -> 0.02 | BM45: 43 | BN45: 46 | BO45: 47 | BP45: 43 | BQ45: 43 | BR45: 1c | BS45: 0 | BT45: 0 | BU45: 43 | BV45: 2.10E+11 | BW45: 8.08E+10 | BX45: 7850 | BY45: 10 | BZ45: 0.022
B46: =B45+1 -> 44 | C46: 10 | D46: -25.98 | E46: 0 | F46: 0 | I46: =I44+1 -> 22.2 | J46: 24 | K46: 10 | L46: 20 | M46: Floater | N46: No | O46: 0 | P46: 0.0006271 | Q46: 0 | R46: 0 | S46: 1639000000000 | T46: 1639000000000 | U46: 25330000000 | V46: 25330000000 | W46: 0 | X46: 0 | Y46: 1262000000000 | Z46: 0.015614 | AA46: 131700000000 | AB46: 0.65 | AC46: N/A | AD46: Yes | AE46: BEM | AF46: Hydrodynamics | AG46: (with | AH46: Morison | AI46: drag) | AJ46: 0 | AK46: 0 | AL46: 0 | AN46: =B46 -> 44 | AO46: =D46 -> -25.98 | AP46: =E46 -> 0 | AQ46: =C46 -> 10 | AR46: 1 | AS46: 0 | AT46: 0 | AU46: 0 | AV46: 0 | AY46: =IF(AX46="","",J46) | AZ46: =IF(AX46="","",J47) | BA46: =IF(AX46="","",AX46) | BB46: =IF(AX46="","",AX46) | BC46: =IF(AX46="","","1c") | BD46: =IF(AX46="","","0") | BF46: =IF(AX46="","",AX46) | BG46: =IF(AX46="","","2.10E+11") | BH46: =IF(AX46="","","8.08E+10") | BI46: =IF(AX46="","","7850") | BJ46: =IF(AX46="","",K46) | BK46: =IF(AX46="","",L46/1000) | BM46: 44 | BN46: 47 | BO46: 48 | BP46: 44 | BQ46: 44 | BR46: 1c | BS46: 0 | BT46: 0 | BU46: 44 | BV46: 2.10E+11 | BW46: 8.08E+10 | BX46: 7850 | BY46: 10 | BZ46: 0.022
B47: =B46+1 -> 45 | C47: 11 | D47: -25.98 | E47: 0 | F47: 0 | I47: =I45+1 -> 23.1 | J47: 24 | K47: 10 | L47: 20 | M47: Floater | N47: No | O47: 0 | P47: 0.0006271 | Q47: 0 | R47: 0 | S47: 1639000000000 | T47: 1639000000000 | U47: 25330000000 | V47: 25330000000 | W47: 0 | X47: 0 | Y47: 1262000000000 | Z47: 0.015614 | AA47: 131700000000 | AB47: 0.65 | AC47: N/A | AD47: Yes | AE47: BEM | AF47: Hydrodynamics | AG47: (with | AH47: Morison | AI47: drag) | AJ47: 0 | AK47: 0 | AL47: 0 | AN47: =B47 -> 45 | AO47: =D47 -> -25.98 | AP47: =E47 -> 0 | AQ47: =C47 -> 11 | AR47: 1 | AS47: 0 | AT47: 0 | AU47: 0 | AV47: 0 | AX47: =IF(I47="", "", INT(I47)) -> 23 | AY47: =IF(AX47="","",J47) -> 24 | AZ47: =IF(AX47="","",J48) -> 25 | BA47: =IF(AX47="","",AX47) -> 23 | BB47: =IF(AX47="","",AX47) -> 23 | BC47: =IF(AX47="","","1c") -> 1c | BD47: =IF(AX47="","","0") -> 0 | BF47: =IF(AX47="","",AX47) -> 23 | BG47: =IF(AX47="","","2.10E+11") -> 2.10E+11 | BH47: =IF(AX47="","","8.08E+10") -> 8.08E+10 | BI47: =IF(AX47="","","7850") -> 7850 | BJ47: =IF(AX47="","",K47) -> 10 | BK47: =IF(AX47="","",L47/1000) -> 0.02 | BM47: 45 | BN47: 48 | BO47: 49 | BP47: 45 | BQ47: 45 | BR47: 1c | BS47: 0 | BT47: 0 | BU47: 45 | BV47: 2.10E+11 | BW47: 8.08E+10 | BX47: 7850 | BY47: 10 | BZ47: 0.022
B48: =B47+1 -> 46 | C48: -14 | D48: 12.99 | E48: -22.5 | F48: 0 | I48: =I46+1 -> 23.2 | J48: 25 | K48: 10 | L48: 20 | M48: Floater | N48: No | O48: 0 | P48: 0.0006271 | Q48: 0 | R48: 0 | S48: 1639000000000 | T48: 1639000000000 | U48: 25330000000 | V48: 25330000000 | W48: 0 | X48: 0 | Y48: 1262000000000 | Z48: 0.015614 | AA48: 131700000000 | AB48: 0.65 | AC48: N/A | AD48: Yes | AE48: BEM | AF48: Hydrodynamics | AG48: (with | AH48: Morison | AI48: drag) | AJ48: 0 | AK48: 0 | AL48: 0 | AN48: =B48 -> 46 | AO48: =D48 -> 12.99 | AP48: =E48 -> -22.5 | AQ48: =C48 -> -14 | AR48: 1 | AS48: 0 | AT48: 0 | AU48: 0 | AV48: 0 | AY48: =IF(AX48="","",J48) | AZ48: =IF(AX48="","",J49) | BA48: =IF(AX48="","",AX48) | BB48: =IF(AX48="","",AX48) | BC48: =IF(AX48="","","1c") | BD48: =IF(AX48="","","0") | BF48: =IF(AX48="","",AX48) | BG48: =IF(AX48="","","2.10E+11") | BH48: =IF(AX48="","","8.08E+10") | BI48: =IF(AX48="","","7850") | BJ48: =IF(AX48="","",K48) | BK48: =IF(AX48="","",L48/1000) | BM48: 46 | BN48: 49 | BO48: 50 | BP48: 46 | BQ48: 46 | BR48: 1c | BS48: 0 | BT48: 0 | BU48: 46 | BV48: 2.10E+11 | BW48: 8.08E+10 | BX48: 7850 | BY48: 10 | BZ48: 0.022
B49: =B48+1 -> 47 | C49: -12 | D49: 12.99 | E49: -22.5 | F49: 0 | I49: =I47+1 -> 24.1 | J49: 25 | K49: 10 | L49: 20 | M49: Floater | N49: No | O49: 0 | P49: 0.0006271 | Q49: 0 | R49: 0 | S49: 1639000000000 | T49: 1639000000000 | U49: 25330000000 | V49: 25330000000 | W49: 0 | X49: 0 | Y49: 1262000000000 | Z49: 0.015614 | AA49: 131700000000 | AB49: 0.65 | AC49: N/A | AD49: Yes | AE49: BEM | AF49: Hydrodynamics | AG49: (with | AH49: Morison | AI49: drag) | AJ49: 0 | AK49: 0 | AL49: 0 | AN49: =B49 -> 47 | AO49: =D49 -> 12.99 | AP49: =E49 -> -22.5 | AQ49: =C49 -> -12 | AR49: 1 | AS49: 0 | AT49: 0 | AU49: 0 | AV49: 0 | AX49: =IF(I49="", "", INT(I49)) -> 24 | AY49: =IF(AX49="","",J49) -> 25 | AZ49: =IF(AX49="","",J50) -> 26 | BA49: =IF(AX49="","",AX49) -> 24 | BB49: =IF(AX49="","",AX49) -> 24 | BC49: =IF(AX49="","","1c") -> 1c | BD49: =IF(AX49="","","0") -> 0 | BF49: =IF(AX49="","",AX49) -> 24 | BG49: =IF(AX49="","","2.10E+11") -> 2.10E+11 | BH49: =IF(AX49="","","8.08E+10") -> 8.08E+10 | BI49: =IF(AX49="","","7850") -> 7850 | BJ49: =IF(AX49="","",K49) -> 10 | BK49: =IF(AX49="","",L49/1000) -> 0.02 | BM49: 47 | BN49: 50 | BO49: 51 | BP49: 47 | BQ49: 47 | BR49: 1c | BS49: 0 | BT49: 0 | BU49: 47 | BV49: 2.10E+11 | BW49: 8.08E+10 | BX49: 7850 | BY49: 10 | BZ49: 0.022
B50: =B49+1 -> 48 | C50: -10 | D50: 12.99 | E50: -22.5 | F50: 0 | I50: =I48+1 -> 24.2 | J50: 26 | K50: 10 | L50: 20 | M50: Floater | N50: No | O50: 0 | P50: 0.0006271 | Q50: 0 | R50: 0 | S50: 1639000000000 | T50: 1639000000000 | U50: 25330000000 | V50: 25330000000 | W50: 0 | X50: 0 | Y50: 1262000000000 | Z50: 0.015614 | AA50: 131700000000 | AB50: 0.65 | AC50: N/A | AD50: Yes | AE50: BEM | AF50: Hydrodynamics | AG50: (with | AH50: Morison | AI50: drag) | AJ50: 0 | AK50: 0 | AL50: 0 | AN50: =B50 -> 48 | AO50: =D50 -> 12.99 | AP50: =E50 -> -22.5 | AQ50: =C50 -> -10 | AR50: 1 | AS50: 0 | AT50: 0 | AU50: 0 | AV50: 0 | AY50: =IF(AX50="","",J50) | AZ50: =IF(AX50="","",J51) | BA50: =IF(AX50="","",AX50) | BB50: =IF(AX50="","",AX50) | BC50: =IF(AX50="","","1c") | BD50: =IF(AX50="","","0") | BF50: =IF(AX50="","",AX50) | BG50: =IF(AX50="","","2.10E+11") | BH50: =IF(AX50="","","8.08E+10") | BI50: =IF(AX50="","","7850") | BJ50: =IF(AX50="","",K50) | BK50: =IF(AX50="","",L50/1000) | BM50: 48 | BN50: 51 | BO50: 52 | BP50: 48 | BQ50: 48 | BR50: 1c | BS50: 0 | BT50: 0 | BU50: 48 | BV50: 2.10E+11 | BW50: 8.08E+10 | BX50: 7850 | BY50: 10 | BZ50: 0.02
B51: =B50+1 -> 49 | C51: -8 | D51: 12.99 | E51: -22.5 | F51: 0 | I51: =I49+1 -> 25.1 | J51: 26 | K51: 10 | L51: 20 | M51: Floater | N51: No | O51: 0 | P51: 0.0006271 | Q51: 0 | R51: 0 | S51: 1639000000000 | T51: 1639000000000 | U51: 25330000000 | V51: 25330000000 | W51: 0 | X51: 0 | Y51: 1262000000000 | Z51: 0.015614 | AA51: 131700000000 | AB51: 0.65 | AC51: N/A | AD51: Yes | AE51: BEM | AF51: Hydrodynamics | AG51: (with | AH51: Morison | AI51: drag) | AJ51: 0 | AK51: 0 | AL51: 0 | AN51: =B51 -> 49 | AO51: =D51 -> 12.99 | AP51: =E51 -> -22.5 | AQ51: =C51 -> -8 | AR51: 1 | AS51: 0 | AT51: 0 | AU51: 0 | AV51: 0 | AX51: =IF(I51="", "", INT(I51)) -> 25 | AY51: =IF(AX51="","",J51) -> 26 | AZ51: =IF(AX51="","",J52) -> 27 | BA51: =IF(AX51="","",AX51) -> 25 | BB51: =IF(AX51="","",AX51) -> 25 | BC51: =IF(AX51="","","1c") -> 1c | BD51: =IF(AX51="","","0") -> 0 | BF51: =IF(AX51="","",AX51) -> 25 | BG51: =IF(AX51="","","2.10E+11") -> 2.10E+11 | BH51: =IF(AX51="","","8.08E+10") -> 8.08E+10 | BI51: =IF(AX51="","","7850") -> 7850 | BJ51: =IF(AX51="","",K51) -> 10 | BK51: =IF(AX51="","",L51/1000) -> 0.02 | BM51: 49 | BN51: 52 | BO51: 53 | BP51: 49 | BQ51: 49 | BR51: 1c | BS51: 0 | BT51: 0 | BU51: 49 | BV51: 2.10E+11 | BW51: 8.08E+10 | BX51: 7850 | BY51: 10 | BZ51: 0.02
B52: =B51+1 -> 50 | C52: -6 | D52: 12.99 | E52: -22.5 | F52: 0 | I52: =I50+1 -> 25.2 | J52: 27 | K52: 10 | L52: 20 | M52: Floater | N52: No | O52: 0 | P52: 0.0006271 | Q52: 0 | R52: 0 | S52: 1639000000000 | T52: 1639000000000 | U52: 25330000000 | V52: 25330000000 | W52: 0 | X52: 0 | Y52: 1262000000000 | Z52: 0.015614 | AA52: 131700000000 | AB52: 0.65 | AC52: N/A | AD52: Yes | AE52: BEM | AF52: Hydrodynamics | AG52: (with | AH52: Morison | AI52: drag) | AJ52: 0 | AK52: 0 | AL52: 0 | AN52: =B52 -> 50 | AO52: =D52 -> 12.99 | AP52: =E52 -> -22.5 | AQ52: =C52 -> -6 | AR52: 1 | AS52: 0 | AT52: 0 | AU52: 0 | AV52: 0 | AY52: =IF(AX52="","",J52) | AZ52: =IF(AX52="","",J53) | BA52: =IF(AX52="","",AX52) | BB52: =IF(AX52="","",AX52) | BC52: =IF(AX52="","","1c") | BD52: =IF(AX52="","","0") | BF52: =IF(AX52="","",AX52) | BG52: =IF(AX52="","","2.10E+11") | BH52: =IF(AX52="","","8.08E+10") | BI52: =IF(AX52="","","7850") | BJ52: =IF(AX52="","",K52) | BK52: =IF(AX52="","",L52/1000) | BM52: 50 | BN52: 53 | BO52: 54 | BP52: 50 | BQ52: 50 | BR52: 1c | BS52: 0 | BT52: 0 | BU52: 50 | BV52: 2.10E+11 | BW52: 8.08E+10 | BX52: 7850 | BY52: 10 | BZ52: 0.02
B53: =B52+1 -> 51 | C53: -3 | D53: 12.99 | E53: -22.5 | F53: 0 | I53: =I51+1 -> 26.1 | J53: 27 | K53: 10 | L53: 20 | M53: Floater | N53: No | O53: 0 | P53: 0.0006271 | Q53: 0 | R53: 0 | S53: 1639000000000 | T53: 1639000000000 | U53: 25330000000 | V53: 25330000000 | W53: 0 | X53: 0 | Y53: 1262000000000 | Z53: 0.015614 | AA53: 131700000000 | AB53: 0.65 | AC53: N/A | AD53: Yes | AE53: BEM | AF53: Hydrodynamics | AG53: (with | AH53: Morison | AI53: drag) | AJ53: 0 | AK53: 0 | AL53: 0 | AN53: =B53 -> 51 | AO53: =D53 -> 12.99 | AP53: =E53 -> -22.5 | AQ53: =C53 -> -3 | AR53: 1 | AS53: 0 | AT53: 0 | AU53: 0 | AV53: 0 | AX53: =IF(I53="", "", INT(I53)) -> 26 | AY53: =IF(AX53="","",J53) -> 27 | AZ53: =IF(AX53="","",J54) -> 28 | BA53: =IF(AX53="","",AX53) -> 26 | BB53: =IF(AX53="","",AX53) -> 26 | BC53: =IF(AX53="","","1c") -> 1c | BD53: =IF(AX53="","","0") -> 0 | BF53: =IF(AX53="","",AX53) -> 26 | BG53: =IF(AX53="","","2.10E+11") -> 2.10E+11 | BH53: =IF(AX53="","","8.08E+10") -> 8.08E+10 | BI53: =IF(AX53="","","7850") -> 7850 | BJ53: =IF(AX53="","",K53) -> 10 | BK53: =IF(AX53="","",L53/1000) -> 0.02 | BM53: 51 | BN53: 54 | BO53: 55 | BP53: 51 | BQ53: 51 | BR53: 1c | BS53: 0 | BT53: 0 | BU53: 51 | BV53: 2.10E+11 | BW53: 8.08E+10 | BX53: 7850 | BY53: 10 | BZ53: 0.02
B54: =B53+1 -> 52 | C54: -2 | D54: 12.99 | E54: -22.5 | F54: 0 | I54: =I52+1 -> 26.2 | J54: 28 | K54: 10 | L54: 20 | M54: Floater | N54: No | O54: 0 | P54: 0.0006271 | Q54: 0 | R54: 0 | S54: 1639000000000 | T54: 1639000000000 | U54: 25330000000 | V54: 25330000000 | W54: 0 | X54: 0 | Y54: 1262000000000 | Z54: 0.015614 | AA54: 131700000000 | AB54: 0.65 | AC54: N/A | AD54: Yes | AE54: BEM | AF54: Hydrodynamics | AG54: (with | AH54: Morison | AI54: drag) | AJ54: 0 | AK54: 0 | AL54: 0 | AN54: =B54 -> 52 | AO54: =D54 -> 12.99 | AP54: =E54 -> -22.5 | AQ54: =C54 -> -2 | AR54: 1 | AS54: 0 | AT54: 0 | AU54: 0 | AV54: 0 | AY54: =IF(AX54="","",J54) | AZ54: =IF(AX54="","",J55) | BA54: =IF(AX54="","",AX54) | BB54: =IF(AX54="","",AX54) | BC54: =IF(AX54="","","1c") | BD54: =IF(AX54="","","0") | BF54: =IF(AX54="","",AX54) | BG54: =IF(AX54="","","2.10E+11") | BH54: =IF(AX54="","","8.08E+10") | BI54: =IF(AX54="","","7850") | BJ54: =IF(AX54="","",K54) | BK54: =IF(AX54="","",L54/1000) | BM54: 52 | BN54: 55 | BO54: 56 | BP54: 52 | BQ54: 52 | BR54: 1c | BS54: 0 | BT54: 0 | BU54: 52 | BV54: 2.10E+11 | BW54: 8.08E+10 | BX54: 7850 | BY54: 10 | BZ54: 0.021
B55: =B54+1 -> 53 | C55: 0 | D55: 12.99 | E55: -22.5 | F55: 0 | I55: =I53+1 -> 27.1 | J55: 28 | K55: 10 | L55: 20 | M55: Floater | N55: No | O55: 0 | P55: 0.0006271 | Q55: 0 | R55: 0 | S55: 1639000000000 | T55: 1639000000000 | U55: 25330000000 | V55: 25330000000 | W55: 0 | X55: 0 | Y55: 1262000000000 | Z55: 0.015614 | AA55: 131700000000 | AB55: 0.65 | AC55: N/A | AD55: Yes | AE55: BEM | AF55: Hydrodynamics | AG55: (with | AH55: Morison | AI55: drag) | AJ55: 0 | AK55: 0 | AL55: 0 | AN55: =B55 -> 53 | AO55: =D55 -> 12.99 | AP55: =E55 -> -22.5 | AQ55: =C55 -> 0 | AR55: 1 | AS55: 0 | AT55: 0 | AU55: 0 | AV55: 0 | AX55: =IF(I55="", "", INT(I55)) -> 27 | AY55: =IF(AX55="","",J55) -> 28 | AZ55: =IF(AX55="","",J56) -> 29 | BA55: =IF(AX55="","",AX55) -> 27 | BB55: =IF(AX55="","",AX55) -> 27 | BC55: =IF(AX55="","","1c") -> 1c | BD55: =IF(AX55="","","0") -> 0 | BF55: =IF(AX55="","",AX55) -> 27 | BG55: =IF(AX55="","","2.10E+11") -> 2.10E+11 | BH55: =IF(AX55="","","8.08E+10") -> 8.08E+10 | BI55: =IF(AX55="","","7850") -> 7850 | BJ55: =IF(AX55="","",K55) -> 10 | BK55: =IF(AX55="","",L55/1000) -> 0.02 | BM55: 53 | BN55: 56 | BO55: 57 | BP55: 53 | BQ55: 53 | BR55: 1c | BS55: 0 | BT55: 0 | BU55: 53 | BV55: 2.10E+11 | BW55: 8.08E+10 | BX55: 7850 | BY55: 10 | BZ55: 0.02
B56: =B55+1 -> 54 | C56: 2 | D56: 12.99 | E56: -22.5 | F56: 0 | I56: =I54+1 -> 27.2 | J56: 29 | K56: 10 | L56: 20 | M56: Floater | N56: No | O56: 0 | P56: 0.0006271 | Q56: 0 | R56: 0 | S56: 1639000000000 | T56: 1639000000000 | U56: 25330000000 | V56: 25330000000 | W56: 0 | X56: 0 | Y56: 1262000000000 | Z56: 0.015614 | AA56: 131700000000 | AB56: 0.65 | AC56: N/A | AD56: Yes | AE56: BEM | AF56: Hydrodynamics | AG56: (with | AH56: Morison | AI56: drag) | AJ56: 0 | AK56: 0 | AL56: 0 | AN56: =B56 -> 54 | AO56: =D56 -> 12.99 | AP56: =E56 -> -22.5 | AQ56: =C56 -> 2 | AR56: 1 | AS56: 0 | AT56: 0 | AU56: 0 | AV56: 0 | AY56: =IF(AX56="","",J56) | AZ56: =IF(AX56="","",J57) | BA56: =IF(AX56="","",AX56) | BB56: =IF(AX56="","",AX56) | BC56: =IF(AX56="","","1c") | BD56: =IF(AX56="","","0") | BF56: =IF(AX56="","",AX56) | BG56: =IF(AX56="","","2.10E+11") | BH56: =IF(AX56="","","8.08E+10") | BI56: =IF(AX56="","","7850") | BJ56: =IF(AX56="","",K56) | BK56: =IF(AX56="","",L56/1000) | BM56: 54 | BN56: 57 | BO56: 58 | BP56: 54 | BQ56: 54 | BR56: 1c | BS56: 0 | BT56: 0 | BU56: 54 | BV56: 2.10E+11 | BW56: 8.08E+10 | BX56: 7850 | BY56: 10 | BZ56: 0.021
B57: =B56+1 -> 55 | C57: 5 | D57: 12.99 | E57: -22.5 | F57: 0 | I57: =I55+1 -> 28.1 | J57: 29 | K57: 10 | L57: 20 | M57: Floater | N57: No | O57: 0 | P57: 0.0006271 | Q57: 0 | R57: 0 | S57: 1639000000000 | T57: 1639000000000 | U57: 25330000000 | V57: 25330000000 | W57: 0 | X57: 0 | Y57: 1262000000000 | Z57: 0.015614 | AA57: 131700000000 | AB57: 0.65 | AC57: N/A | AD57: Yes | AE57: BEM | AF57: Hydrodynamics | AG57: (with | AH57: Morison | AI57: drag) | AJ57: 0 | AK57: 0 | AL57: 0 | AN57: =B57 -> 55 | AO57: =D57 -> 12.99 | AP57: =E57 -> -22.5 | AQ57: =C57 -> 5 | AR57: 1 | AS57: 0 | AT57: 0 | AU57: 0 | AV57: 0 | AX57: =IF(I57="", "", INT(I57)) -> 28 | AY57: =IF(AX57="","",J57) -> 29 | AZ57: =IF(AX57="","",J58) -> 30 | BA57: =IF(AX57="","",AX57) -> 28 | BB57: =IF(AX57="","",AX57) -> 28 | BC57: =IF(AX57="","","1c") -> 1c | BD57: =IF(AX57="","","0") -> 0 | BF57: =IF(AX57="","",AX57) -> 28 | BG57: =IF(AX57="","","2.10E+11") -> 2.10E+11 | BH57: =IF(AX57="","","8.08E+10") -> 8.08E+10 | BI57: =IF(AX57="","","7850") -> 7850 | BJ57: =IF(AX57="","",K57) -> 10 | BK57: =IF(AX57="","",L57/1000) -> 0.02 | BM57: 55 | BN57: 58 | BO57: 59 | BP57: 55 | BQ57: 55 | BR57: 1c | BS57: 0 | BT57: 0 | BU57: 55 | BV57: 2.10E+11 | BW57: 8.08E+10 | BX57: 7850 | BY57: 10 | BZ57: 0.02
B58: =B57+1 -> 56 | C58: 6 | D58: 12.99 | E58: -22.5 | F58: 0 | I58: =I56+1 -> 28.2 | J58: 30 | K58: 10 | L58: 20 | M58: Floater | N58: No | O58: 0 | P58: 0.0006271 | Q58: 0 | R58: 0 | S58: 1639000000000 | T58: 1639000000000 | U58: 25330000000 | V58: 25330000000 | W58: 0 | X58: 0 | Y58: 1262000000000 | Z58: 0.015614 | AA58: 131700000000 | AB58: 0.65 | AC58: N/A | AD58: Yes | AE58: BEM | AF58: Hydrodynamics | AG58: (with | AH58: Morison | AI58: drag) | AJ58: 0 | AK58: 0 | AL58: 0 | AN58: =B58 -> 56 | AO58: =D58 -> 12.99 | AP58: =E58 -> -22.5 | AQ58: =C58 -> 6 | AR58: 1 | AS58: 0 | AT58: 0 | AU58: 0 | AV58: 0 | AY58: =IF(AX58="","",J58) | AZ58: =IF(AX58="","",J59) | BA58: =IF(AX58="","",AX58) | BB58: =IF(AX58="","",AX58) | BC58: =IF(AX58="","","1c") | BD58: =IF(AX58="","","0") | BF58: =IF(AX58="","",AX58) | BG58: =IF(AX58="","","2.10E+11") | BH58: =IF(AX58="","","8.08E+10") | BI58: =IF(AX58="","","7850") | BJ58: =IF(AX58="","",K58) | BK58: =IF(AX58="","",L58/1000) | BM58: 56 | BN58: 59 | BO58: 60 | BP58: 56 | BQ58: 56 | BR58: 1c | BS58: 0 | BT58: 0 | BU58: 56 | BV58: 2.10E+11 | BW58: 8.08E+10 | BX58: 7850 | BY58: 10 | BZ58: 0.02
B59: =B58+1 -> 57 | C59: 8 | D59: 12.99 | E59: -22.5 | F59: 0 | I59: =I57+1 -> 29.1 | J59: 31 | K59: 10 | L59: 22 | M59: Floater | N59: No | O59: 0 | P59: 0.0006896 | Q59: 0 | R59: 0 | S59: 1802000000000 | T59: 1802000000000 | U59: 27860000000 | V59: 27860000000 | W59: 0 | X59: 0 | Y59: 1387000000000 | Z59: 0.017165 | AA59: 144800000000 | AB59: 0.65 | AC59: N/A | AD59: Yes | AE59: BEM | AF59: Hydrodynamics | AG59: (with | AH59: Morison | AI59: drag) | AJ59: 0 | AK59: 0 | AL59: 0 | AN59: =B59 -> 57 | AO59: =D59 -> 12.99 | AP59: =E59 -> -22.5 | AQ59: =C59 -> 8 | AR59: 1 | AS59: 0 | AT59: 0 | AU59: 0 | AV59: 0 | AX59: =IF(I59="", "", INT(I59)) -> 29 | AY59: =IF(AX59="","",J59) -> 31 | AZ59: =IF(AX59="","",J60) -> 32 | BA59: =IF(AX59="","",AX59) -> 29 | BB59: =IF(AX59="","",AX59) -> 29 | BC59: =IF(AX59="","","1c") -> 1c | BD59: =IF(AX59="","","0") -> 0 | BF59: =IF(AX59="","",AX59) -> 29 | BG59: =IF(AX59="","","2.10E+11") -> 2.10E+11 | BH59: =IF(AX59="","","8.08E+10") -> 8.08E+10 | BI59: =IF(AX59="","","7850") -> 7850 | BJ59: =IF(AX59="","",K59) -> 10 | BK59: =IF(AX59="","",L59/1000) -> 0.022 | BM59: 57 | BN59: 61 | BO59: 62 | BP59: 57 | BQ59: 57 | BR59: 1c | BS59: 0 | BT59: 0 | BU59: 57 | BV59: 2.10E+11 | BW59: 8.08E+10 | BX59: 7850 | BY59: 1 | BZ59: 0.015
B60: =B59+1 -> 58 | C60: 9.3 | D60: 12.99 | E60: -22.5 | F60: 0 | I60: =I58+1 -> 29.2 | J60: 32 | K60: 10 | L60: 22 | M60: Floater | N60: No | O60: 0 | P60: 0.0006896 | Q60: 0 | R60: 0 | S60: 1802000000000 | T60: 1802000000000 | U60: 27860000000 | V60: 27860000000 | W60: 0 | X60: 0 | Y60: 1387000000000 | Z60: 0.017165 | AA60: 144800000000 | AB60: 0.65 | AC60: N/A | AD60: Yes | AE60: BEM | AF60: Hydrodynamics | AG60: (with | AH60: Morison | AI60: drag) | AJ60: 0 | AK60: 0 | AL60: 0 | AN60: =B60 -> 58 | AO60: =D60 -> 12.99 | AP60: =E60 -> -22.5 | AQ60: =C60 -> 9.3 | AR60: 1 | AS60: 0 | AT60: 0 | AU60: 0 | AV60: 0 | AY60: =IF(AX60="","",J60) | AZ60: =IF(AX60="","",J61) | BA60: =IF(AX60="","",AX60) | BB60: =IF(AX60="","",AX60) | BC60: =IF(AX60="","","1c") | BD60: =IF(AX60="","","0") | BF60: =IF(AX60="","",AX60) | BG60: =IF(AX60="","","2.10E+11") | BH60: =IF(AX60="","","8.08E+10") | BI60: =IF(AX60="","","7850") | BJ60: =IF(AX60="","",K60) | BK60: =IF(AX60="","",L60/1000) | BM60: 58 | BN60: 62 | BO60: 63 | BP60: 58 | BQ60: 58 | BR60: 1c | BS60: 0 | BT60: 0 | BU60: 58 | BV60: 2.10E+11 | BW60: 8.08E+10 | BX60: 7850 | BY60: 1 | BZ60: 0.015
